timestamp,cycle_id,phase_name,target_flow_lpm,target_pressure_bar,ram_position_mm
0.0,1,decompression,42.4,280.55,0.0
0.11,1,decompression,46.88,259.99,0.0
0.22,1,decompression,47.35,244.17,0.0
0.33,1,decompression,40.12,224.21,0.0
0.44,1,decompression,41.74,205.44,0.0
0.55,1,decompression,45.32,186.12,0.0
0.66,1,decompression,44.21,170.41,0.0
0.77,1,decompression,44.96,149.77,0.0
0.87,1,decompression,42.87,130.79,0.0
0.98,1,decompression,47.2,112.33,0.0
1.09,1,decompression,46.94,95.08,0.0
1.2,1,decompression,45.17,76.26,0.0
1.31,1,decompression,47.82,57.76,0.0
1.42,1,decompression,46.17,39.22,0.0
1.53,1,decompression,42.85,23.21,0.0
1.63,1,container_shift_open,173.72,61.17,0.0
1.73,1,container_shift_open,172.97,61.42,0.0
1.84,1,container_shift_open,176.54,61.59,0.0
1.94,1,container_shift_open,177.82,59.3,0.0
2.05,1,container_shift_open,174.72,59.08,0.0
2.15,1,container_shift_open,172.9,61.72,0.0
2.25,1,container_shift_open,172.94,59.62,0.0
2.36,1,container_shift_open,176.63,57.45,0.0
2.46,1,container_shift_open,176.86,57.73,0.0
2.57,1,container_shift_open,176.36,58.16,0.0
2.67,1,container_shift_open,173.34,60.99,0.0
2.77,1,container_shift_open,175.58,60.28,0.0
2.88,1,container_shift_open,175.29,61.38,0.0
2.98,1,container_shift_open,175.55,59.15,0.0
3.09,1,container_shift_open,177.18,60.32,0.0
3.19,1,container_shift_open,175.56,61.25,0.0
3.29,1,container_shift_open,176.7,59.38,0.0
3.4,1,container_shift_open,175.17,60.91,0.0
3.5,1,container_shift_open,175.72,58.68,0.0
3.61,1,container_shift_open,176.58,59.27,0.0
3.71,1,container_shift_open,171.36,59.24,0.0
3.81,1,container_shift_open,174.2,57.61,0.0
3.92,1,container_shift_open,173.82,60.97,0.0
4.02,1,container_shift_open,173.4,59.06,0.0
4.13,1,container_shift_open,174.31,60.02,0.0
4.23,1,container_shift_open,178.74,60.96,0.0
4.33,1,container_shift_open,172.84,60.89,0.0
4.44,1,container_shift_open,177.42,61.33,0.0
4.54,1,container_shift_open,170.79,59.8,0.0
4.65,1,container_shift_open,174.16,59.15,0.0
4.75,1,container_shift_open,175.41,59.84,0.0
4.85,1,shear_stroke,131.38,210.14,0.0
4.96,1,shear_stroke,131.69,208.94,0.0
5.07,1,shear_stroke,132.51,210.47,0.0
5.17,1,shear_stroke,136.0,210.04,0.0
5.28,1,shear_stroke,132.74,213.2,0.0
5.39,1,shear_stroke,134.05,209.52,0.0
5.5,1,shear_stroke,138.25,207.95,0.0
5.61,1,shear_stroke,134.11,210.36,0.0
5.71,1,shear_stroke,136.84,210.44,0.0
5.82,1,shear_stroke,132.67,212.72,0.0
5.93,1,shear_stroke,134.49,211.67,0.0
6.04,1,shear_stroke,132.62,210.71,0.0
6.15,1,shear_stroke,134.15,212.93,0.0
6.26,1,shear_stroke,137.1,207.62,0.0
6.36,1,shear_stroke,130.68,208.72,0.0
6.47,1,shear_stroke,136.09,208.15,0.0
6.58,1,shear_stroke,135.59,209.22,0.0
6.69,1,shear_stroke,133.51,207.25,0.0
6.8,1,shear_stroke,131.38,211.27,0.0
6.9,1,die_slide_shift,76.32,46.65,0.0
7.0,1,die_slide_shift,77.46,49.03,0.0
7.1,1,die_slide_shift,80.78,49.89,0.0
7.21,1,die_slide_shift,82.1,53.54,0.0
7.31,1,die_slide_shift,84.99,50.26,0.0
7.42,1,die_slide_shift,87.28,51.97,0.0
7.52,1,die_slide_shift,81.04,49.0,0.0
7.62,1,die_slide_shift,77.53,47.63,0.0
7.73,1,die_slide_shift,74.67,48.07,0.0
7.83,1,die_slide_shift,80.67,48.55,0.0
7.94,1,die_slide_shift,77.97,54.26,0.0
8.04,1,die_slide_shift,78.96,48.36,0.0
8.14,1,die_slide_shift,78.47,51.68,0.0
8.25,1,die_slide_shift,79.65,48.19,0.0
8.35,1,die_slide_shift,82.66,51.86,0.0
8.45,1,die_slide_shift,80.39,50.77,0.0
8.56,1,die_slide_shift,79.6,49.69,0.0
8.66,1,die_slide_shift,77.41,49.92,0.0
8.76,1,billet_load_and_seal,161.12,22.56,0.0
8.87,1,billet_load_and_seal,158.86,25.96,0.0
8.97,1,billet_load_and_seal,156.94,29.76,0.0
9.07,1,billet_load_and_seal,156.81,34.97,0.0
9.18,1,billet_load_and_seal,160.43,33.2,0.0
9.28,1,billet_load_and_seal,163.95,38.63,0.0
9.39,1,billet_load_and_seal,160.4,40.32,0.0
9.49,1,billet_load_and_seal,159.7,43.34,0.0
9.59,1,billet_load_and_seal,160.71,48.72,0.0
9.7,1,billet_load_and_seal,163.27,50.5,0.0
9.8,1,billet_load_and_seal,160.55,54.82,0.0
9.91,1,billet_load_and_seal,158.97,54.55,0.0
10.01,1,billet_load_and_seal,162.77,56.18,0.0
10.11,1,billet_load_and_seal,161.07,59.84,0.0
10.22,1,billet_load_and_seal,163.84,63.48,0.0
10.32,1,billet_load_and_seal,160.46,66.07,0.0
10.43,1,billet_load_and_seal,156.94,66.26,0.0
10.53,1,billet_load_and_seal,156.58,71.32,0.0
10.63,1,billet_load_and_seal,164.13,74.31,0.0
10.74,1,billet_load_and_seal,164.31,81.61,0.0
10.84,1,billet_load_and_seal,159.55,83.04,0.0
10.94,1,billet_load_and_seal,159.04,80.29,0.0
11.05,1,billet_load_and_seal,163.65,84.14,0.0
11.15,1,billet_load_and_seal,157.23,84.5,0.0
11.26,1,billet_load_and_seal,157.76,88.96,0.0
11.36,1,billet_load_and_seal,161.61,93.49,0.0
11.46,1,billet_load_and_seal,159.01,97.98,0.0
11.57,1,billet_load_and_seal,159.99,96.83,0.0
11.67,1,billet_load_and_seal,159.59,99.69,0.0
11.78,1,billet_load_and_seal,160.84,99.42,0.0
11.88,1,billet_load_and_seal,163.52,106.1,0.0
11.98,1,billet_load_and_seal,160.23,107.02,0.0
12.09,1,billet_load_and_seal,161.61,110.8,0.0
12.19,1,billet_load_and_seal,154.87,112.82,0.0
12.3,1,billet_load_and_seal,159.88,117.1,0.0
12.4,1,billet_load_and_seal,157.89,116.48,0.0
12.5,1,main_extrusion_stroke,247.72,184.02,0.0
12.6,1,main_extrusion_stroke,244.3,186.33,2.3
12.7,1,main_extrusion_stroke,255.32,193.64,4.6
12.8,1,main_extrusion_stroke,277.3,194.3,6.9
12.9,1,main_extrusion_stroke,291.83,189.89,9.1
13.0,1,main_extrusion_stroke,285.77,200.55,11.4
13.1,1,main_extrusion_stroke,299.24,199.38,13.7
13.2,1,main_extrusion_stroke,312.33,208.51,16.0
13.3,1,main_extrusion_stroke,328.13,204.5,18.3
13.4,1,main_extrusion_stroke,327.52,207.12,20.6
13.5,1,main_extrusion_stroke,340.73,213.89,22.9
13.6,1,main_extrusion_stroke,355.08,217.32,25.1
13.7,1,main_extrusion_stroke,363.96,218.87,27.4
13.8,1,main_extrusion_stroke,370.96,214.05,29.7
13.9,1,main_extrusion_stroke,382.18,224.48,32.0
14.0,1,main_extrusion_stroke,387.47,221.63,34.3
14.1,1,main_extrusion_stroke,402.27,228.72,36.6
14.2,1,main_extrusion_stroke,412.41,225.57,38.9
14.3,1,main_extrusion_stroke,424.65,234.76,41.1
14.4,1,main_extrusion_stroke,431.76,233.03,43.4
14.5,1,main_extrusion_stroke,446.11,234.01,45.7
14.6,1,main_extrusion_stroke,458.53,243.65,48.0
14.7,1,main_extrusion_stroke,465.35,244.65,50.3
14.8,1,main_extrusion_stroke,476.39,244.3,52.6
14.9,1,main_extrusion_stroke,485.45,254.18,54.9
15.0,1,main_extrusion_stroke,495.49,250.21,57.1
15.1,1,main_extrusion_stroke,502.85,254.51,59.4
15.2,1,main_extrusion_stroke,517.25,257.99,61.7
15.3,1,main_extrusion_stroke,525.85,257.53,64.0
15.4,1,main_extrusion_stroke,544.86,264.0,66.3
15.5,1,main_extrusion_stroke,553.04,263.13,68.6
15.6,1,main_extrusion_stroke,558.54,266.21,70.9
15.71,1,main_extrusion_stroke,564.19,275.07,73.1
15.81,1,main_extrusion_stroke,573.05,269.31,75.4
15.91,1,main_extrusion_stroke,592.51,267.16,77.7
16.01,1,main_extrusion_stroke,599.05,283.89,80.0
16.11,1,main_extrusion_stroke,598.94,289.82,82.3
16.21,1,main_extrusion_stroke,589.06,282.13,84.6
16.31,1,main_extrusion_stroke,598.76,279.42,86.9
16.41,1,main_extrusion_stroke,595.89,287.76,89.1
16.51,1,main_extrusion_stroke,588.64,290.5,91.4
16.61,1,main_extrusion_stroke,590.22,293.49,93.7
16.71,1,main_extrusion_stroke,592.17,292.9,96.0
16.81,1,main_extrusion_stroke,590.35,298.54,98.3
16.91,1,main_extrusion_stroke,587.99,298.05,100.6
17.01,1,main_extrusion_stroke,587.76,290.69,102.9
17.11,1,main_extrusion_stroke,586.18,298.08,105.1
17.21,1,main_extrusion_stroke,586.82,302.52,107.4
17.31,1,main_extrusion_stroke,591.11,295.65,109.7
17.41,1,main_extrusion_stroke,573.97,293.57,112.0
17.51,1,main_extrusion_stroke,582.31,293.96,114.3
17.61,1,main_extrusion_stroke,582.98,296.32,116.6
17.71,1,main_extrusion_stroke,582.48,287.82,118.9
17.81,1,main_extrusion_stroke,578.82,294.16,121.1
17.91,1,main_extrusion_stroke,572.3,291.92,123.4
18.01,1,main_extrusion_stroke,579.65,299.46,125.7
18.11,1,main_extrusion_stroke,584.27,292.09,128.0
18.21,1,main_extrusion_stroke,570.24,298.25,130.3
18.31,1,main_extrusion_stroke,578.85,288.26,132.6
18.41,1,main_extrusion_stroke,573.1,293.88,134.9
18.51,1,main_extrusion_stroke,573.18,292.65,137.1
18.61,1,main_extrusion_stroke,568.23,288.2,139.4
18.71,1,main_extrusion_stroke,570.13,291.57,141.7
18.81,1,main_extrusion_stroke,575.68,294.9,144.0
18.91,1,main_extrusion_stroke,571.83,289.23,146.3
19.01,1,main_extrusion_stroke,575.44,284.15,148.6
19.11,1,main_extrusion_stroke,572.24,289.72,150.9
19.21,1,main_extrusion_stroke,568.3,286.33,153.1
19.31,1,main_extrusion_stroke,572.54,288.0,155.4
19.41,1,main_extrusion_stroke,566.34,288.62,157.7
19.51,1,main_extrusion_stroke,566.91,282.64,160.0
19.61,1,main_extrusion_stroke,561.43,282.66,162.3
19.71,1,main_extrusion_stroke,561.9,289.71,164.6
19.81,1,main_extrusion_stroke,557.86,285.9,166.9
19.91,1,main_extrusion_stroke,563.63,278.46,169.1
20.01,1,main_extrusion_stroke,553.97,289.89,171.4
20.11,1,main_extrusion_stroke,560.83,287.81,173.7
20.21,1,main_extrusion_stroke,555.96,284.06,176.0
20.31,1,main_extrusion_stroke,560.42,281.66,178.3
20.41,1,main_extrusion_stroke,557.76,288.9,180.6
20.51,1,main_extrusion_stroke,561.05,286.91,182.9
20.61,1,main_extrusion_stroke,555.71,293.73,185.1
20.71,1,main_extrusion_stroke,545.52,286.57,187.4
20.81,1,main_extrusion_stroke,550.56,286.16,189.7
20.91,1,main_extrusion_stroke,545.15,283.93,192.0
21.02,1,main_extrusion_stroke,546.78,287.08,194.3
21.12,1,main_extrusion_stroke,553.92,286.12,196.6
21.22,1,main_extrusion_stroke,549.44,288.02,198.9
21.32,1,main_extrusion_stroke,543.11,281.52,201.1
21.42,1,main_extrusion_stroke,540.87,281.53,203.4
21.52,1,main_extrusion_stroke,544.07,281.08,205.7
21.62,1,main_extrusion_stroke,538.09,285.23,208.0
21.72,1,main_extrusion_stroke,539.29,287.42,210.3
21.82,1,main_extrusion_stroke,542.24,280.27,212.6
21.92,1,main_extrusion_stroke,544.63,280.1,214.9
22.02,1,main_extrusion_stroke,541.46,282.4,217.1
22.12,1,main_extrusion_stroke,528.88,280.14,219.4
22.22,1,main_extrusion_stroke,538.28,284.04,221.7
22.32,1,main_extrusion_stroke,536.37,272.54,224.0
22.42,1,main_extrusion_stroke,536.75,277.23,226.3
22.52,1,main_extrusion_stroke,540.58,277.09,228.6
22.62,1,main_extrusion_stroke,524.88,271.42,230.9
22.72,1,main_extrusion_stroke,529.78,275.88,233.1
22.82,1,main_extrusion_stroke,533.53,275.75,235.4
22.92,1,main_extrusion_stroke,523.86,277.96,237.7
23.02,1,main_extrusion_stroke,535.1,282.27,240.0
23.12,1,main_extrusion_stroke,529.69,277.22,242.3
23.22,1,main_extrusion_stroke,530.62,274.18,244.6
23.32,1,main_extrusion_stroke,523.97,277.29,246.9
23.42,1,main_extrusion_stroke,528.52,280.87,249.1
23.52,1,main_extrusion_stroke,528.56,273.49,251.4
23.62,1,main_extrusion_stroke,524.23,273.43,253.7
23.72,1,main_extrusion_stroke,523.26,278.28,256.0
23.82,1,main_extrusion_stroke,522.42,275.25,258.3
23.92,1,main_extrusion_stroke,516.9,278.0,260.6
24.02,1,main_extrusion_stroke,518.78,275.4,262.9
24.12,1,main_extrusion_stroke,517.78,277.61,265.1
24.22,1,main_extrusion_stroke,518.94,271.24,267.4
24.32,1,main_extrusion_stroke,520.42,274.53,269.7
24.42,1,main_extrusion_stroke,511.21,273.54,272.0
24.52,1,main_extrusion_stroke,513.96,269.73,274.3
24.62,1,main_extrusion_stroke,519.4,268.22,276.6
24.72,1,main_extrusion_stroke,509.52,275.8,278.9
24.82,1,main_extrusion_stroke,508.22,271.88,281.1
24.92,1,main_extrusion_stroke,511.33,269.23,283.4
25.02,1,main_extrusion_stroke,512.92,272.18,285.7
25.12,1,main_extrusion_stroke,508.61,276.18,288.0
25.22,1,main_extrusion_stroke,512.89,263.95,290.3
25.32,1,main_extrusion_stroke,510.02,266.4,292.6
25.42,1,main_extrusion_stroke,508.98,268.12,294.9
25.52,1,main_extrusion_stroke,506.85,276.17,297.1
25.62,1,main_extrusion_stroke,512.96,271.75,299.4
25.72,1,main_extrusion_stroke,501.84,273.16,301.7
25.82,1,main_extrusion_stroke,493.67,266.19,304.0
25.92,1,main_extrusion_stroke,507.11,265.97,306.3
26.02,1,main_extrusion_stroke,497.88,271.16,308.6
26.12,1,main_extrusion_stroke,499.16,269.51,310.9
26.22,1,main_extrusion_stroke,502.99,270.93,313.1
26.33,1,main_extrusion_stroke,490.36,268.06,315.4
26.43,1,main_extrusion_stroke,490.78,269.4,317.7
26.53,1,main_extrusion_stroke,488.39,268.69,320.0
26.63,1,main_extrusion_stroke,490.64,270.56,322.3
26.73,1,main_extrusion_stroke,494.59,270.37,324.6
26.83,1,main_extrusion_stroke,493.95,261.58,326.9
26.93,1,main_extrusion_stroke,491.97,259.1,329.1
27.03,1,main_extrusion_stroke,484.23,270.18,331.4
27.13,1,main_extrusion_stroke,479.66,270.53,333.7
27.23,1,main_extrusion_stroke,488.14,262.51,336.0
27.33,1,main_extrusion_stroke,485.05,259.28,338.3
27.43,1,main_extrusion_stroke,487.79,265.85,340.6
27.53,1,main_extrusion_stroke,487.78,268.46,342.9
27.63,1,main_extrusion_stroke,484.54,271.21,345.1
27.73,1,main_extrusion_stroke,486.05,266.43,347.4
27.83,1,main_extrusion_stroke,482.94,263.03,349.7
27.93,1,main_extrusion_stroke,483.16,260.91,352.0
28.03,1,main_extrusion_stroke,477.24,263.78,354.3
28.13,1,main_extrusion_stroke,478.36,262.4,356.6
28.23,1,main_extrusion_stroke,478.88,259.61,358.9
28.33,1,main_extrusion_stroke,480.39,270.04,361.1
28.43,1,main_extrusion_stroke,474.55,268.82,363.4
28.53,1,main_extrusion_stroke,477.23,266.26,365.7
28.63,1,main_extrusion_stroke,473.1,258.77,368.0
28.73,1,main_extrusion_stroke,472.71,264.69,370.3
28.83,1,main_extrusion_stroke,475.51,263.64,372.6
28.93,1,main_extrusion_stroke,463.24,262.66,374.9
29.03,1,main_extrusion_stroke,465.04,265.19,377.1
29.13,1,main_extrusion_stroke,463.32,262.75,379.4
29.23,1,main_extrusion_stroke,458.93,262.82,381.7
29.33,1,main_extrusion_stroke,464.57,262.17,384.0
29.43,1,main_extrusion_stroke,469.29,260.84,386.3
29.53,1,main_extrusion_stroke,464.17,253.11,388.6
29.63,1,main_extrusion_stroke,465.12,259.36,390.9
29.73,1,main_extrusion_stroke,467.71,256.82,393.1
29.83,1,main_extrusion_stroke,467.68,254.0,395.4
29.93,1,main_extrusion_stroke,461.11,264.07,397.7
30.03,1,main_extrusion_stroke,465.81,263.94,400.0
30.13,1,main_extrusion_stroke,459.79,262.36,402.3
30.23,1,main_extrusion_stroke,455.08,258.2,404.6
30.33,1,main_extrusion_stroke,455.07,261.74,406.9
30.43,1,main_extrusion_stroke,450.55,256.77,409.1
30.53,1,main_extrusion_stroke,451.93,257.14,411.4
30.63,1,main_extrusion_stroke,453.07,252.31,413.7
30.73,1,main_extrusion_stroke,456.73,257.23,416.0
30.83,1,main_extrusion_stroke,459.42,255.76,418.3
30.93,1,main_extrusion_stroke,446.03,250.7,420.6
31.03,1,main_extrusion_stroke,452.14,254.79,422.9
31.13,1,main_extrusion_stroke,445.43,254.4,425.1
31.23,1,main_extrusion_stroke,450.5,260.67,427.4
31.33,1,main_extrusion_stroke,447.1,257.22,429.7
31.43,1,main_extrusion_stroke,439.32,253.84,432.0
31.53,1,main_extrusion_stroke,449.37,254.38,434.3
31.64,1,main_extrusion_stroke,442.25,253.37,436.6
31.74,1,main_extrusion_stroke,441.56,252.21,438.9
31.84,1,main_extrusion_stroke,438.43,248.84,441.1
31.94,1,main_extrusion_stroke,439.11,251.81,443.4
32.04,1,main_extrusion_stroke,442.45,249.43,445.7
32.14,1,main_extrusion_stroke,439.0,247.37,448.0
32.24,1,main_extrusion_stroke,440.09,253.25,450.3
32.34,1,main_extrusion_stroke,439.24,252.53,452.6
32.44,1,main_extrusion_stroke,442.09,244.62,454.9
32.54,1,main_extrusion_stroke,434.46,250.15,457.1
32.64,1,main_extrusion_stroke,428.94,253.77,459.4
32.74,1,main_extrusion_stroke,438.13,253.7,461.7
32.84,1,main_extrusion_stroke,431.55,253.29,464.0
32.94,1,main_extrusion_stroke,436.36,249.55,466.3
33.04,1,main_extrusion_stroke,432.45,246.16,468.6
33.14,1,main_extrusion_stroke,429.41,245.03,470.9
33.24,1,main_extrusion_stroke,430.34,249.74,473.1
33.34,1,main_extrusion_stroke,435.77,249.57,475.4
33.44,1,main_extrusion_stroke,435.29,252.45,477.7
33.54,1,main_extrusion_stroke,426.28,251.5,480.0
33.64,1,main_extrusion_stroke,425.66,246.9,482.3
33.74,1,main_extrusion_stroke,428.34,242.71,484.6
33.84,1,main_extrusion_stroke,419.67,245.66,486.9
33.94,1,main_extrusion_stroke,423.4,247.24,489.1
34.04,1,main_extrusion_stroke,420.98,245.48,491.4
34.14,1,main_extrusion_stroke,421.36,243.88,493.7
34.24,1,main_extrusion_stroke,415.79,246.49,496.0
34.34,1,main_extrusion_stroke,411.78,243.55,498.3
34.44,1,main_extrusion_stroke,408.86,242.82,500.6
34.54,1,main_extrusion_stroke,411.7,245.82,502.9
34.64,1,main_extrusion_stroke,413.35,243.03,505.1
34.74,1,main_extrusion_stroke,413.03,245.0,507.4
34.84,1,main_extrusion_stroke,420.97,244.81,509.7
34.94,1,main_extrusion_stroke,416.66,239.57,512.0
35.04,1,main_extrusion_stroke,407.41,241.58,514.3
35.14,1,main_extrusion_stroke,411.67,248.01,516.6
35.24,1,main_extrusion_stroke,407.66,238.61,518.9
35.34,1,main_extrusion_stroke,407.17,234.98,521.1
35.44,1,main_extrusion_stroke,408.07,235.58,523.4
35.54,1,main_extrusion_stroke,408.82,241.91,525.7
35.64,1,main_extrusion_stroke,404.0,241.62,528.0
35.74,1,main_extrusion_stroke,408.63,240.81,530.3
35.84,1,main_extrusion_stroke,398.83,245.18,532.6
35.94,1,main_extrusion_stroke,402.44,231.28,534.9
36.04,1,main_extrusion_stroke,411.82,241.73,537.1
36.14,1,main_extrusion_stroke,401.34,245.51,539.4
36.24,1,main_extrusion_stroke,405.2,235.81,541.7
36.34,1,main_extrusion_stroke,398.85,238.13,544.0
36.44,1,main_extrusion_stroke,399.82,236.54,546.3
36.54,1,main_extrusion_stroke,396.29,235.75,548.6
36.64,1,main_extrusion_stroke,394.85,237.44,550.9
36.74,1,main_extrusion_stroke,391.43,243.29,553.1
36.84,1,main_extrusion_stroke,395.29,244.43,555.4
36.95,1,main_extrusion_stroke,389.18,236.53,557.7
37.05,1,main_extrusion_stroke,394.26,244.08,560.0
37.15,1,main_extrusion_stroke,394.96,237.25,562.3
37.25,1,main_extrusion_stroke,391.1,242.97,564.6
37.35,1,main_extrusion_stroke,387.51,236.21,566.9
37.45,1,main_extrusion_stroke,389.48,236.7,569.1
37.55,1,main_extrusion_stroke,385.45,237.23,571.4
37.65,1,main_extrusion_stroke,389.45,246.79,573.7
37.75,1,main_extrusion_stroke,377.39,238.35,576.0
37.85,1,main_extrusion_stroke,382.39,232.6,578.3
37.95,1,main_extrusion_stroke,374.79,238.17,580.6
38.05,1,main_extrusion_stroke,375.79,233.22,582.9
38.15,1,main_extrusion_stroke,386.24,232.48,585.1
38.25,1,main_extrusion_stroke,383.39,237.09,587.4
38.35,1,main_extrusion_stroke,375.94,233.72,589.7
38.45,1,main_extrusion_stroke,371.83,234.3,592.0
38.55,1,main_extrusion_stroke,365.0,233.08,594.3
38.65,1,main_extrusion_stroke,373.7,233.91,596.6
38.75,1,main_extrusion_stroke,384.57,233.93,598.9
38.85,1,main_extrusion_stroke,375.65,225.37,601.1
38.95,1,main_extrusion_stroke,370.69,234.19,603.4
39.05,1,main_extrusion_stroke,373.8,228.13,605.7
39.15,1,main_extrusion_stroke,364.72,226.22,608.0
39.25,1,main_extrusion_stroke,368.79,230.78,610.3
39.35,1,main_extrusion_stroke,369.39,230.98,612.6
39.45,1,main_extrusion_stroke,367.67,227.97,614.9
39.55,1,main_extrusion_stroke,370.19,233.01,617.1
39.65,1,main_extrusion_stroke,367.42,225.11,619.4
39.75,1,main_extrusion_stroke,367.74,228.09,621.7
39.85,1,main_extrusion_stroke,361.33,227.18,624.0
39.95,1,main_extrusion_stroke,366.69,228.77,626.3
40.05,1,main_extrusion_stroke,368.63,229.62,628.6
40.15,1,main_extrusion_stroke,357.25,224.82,630.9
40.25,1,main_extrusion_stroke,356.6,230.59,633.1
40.35,1,main_extrusion_stroke,364.51,227.98,635.4
40.45,1,main_extrusion_stroke,357.42,220.85,637.7
40.55,1,main_extrusion_stroke,362.82,220.32,640.0
40.65,1,main_extrusion_stroke,354.45,226.84,642.3
40.75,1,main_extrusion_stroke,361.05,225.82,644.6
40.85,1,main_extrusion_stroke,354.78,225.94,646.9
40.95,1,main_extrusion_stroke,354.3,225.91,649.1
41.05,1,main_extrusion_stroke,358.54,226.5,651.4
41.15,1,main_extrusion_stroke,349.86,228.74,653.7
41.25,1,main_extrusion_stroke,346.56,221.24,656.0
41.35,1,main_extrusion_stroke,347.54,220.74,658.3
41.45,1,main_extrusion_stroke,350.16,220.72,660.6
41.55,1,main_extrusion_stroke,341.11,225.26,662.9
41.65,1,main_extrusion_stroke,348.94,228.32,665.1
41.75,1,main_extrusion_stroke,343.25,222.16,667.4
41.85,1,main_extrusion_stroke,349.01,214.62,669.7
41.95,1,main_extrusion_stroke,333.86,217.12,672.0
42.05,1,main_extrusion_stroke,339.31,219.87,674.3
42.15,1,main_extrusion_stroke,334.73,220.54,676.6
42.25,1,main_extrusion_stroke,337.19,220.77,678.9
42.36,1,main_extrusion_stroke,339.7,222.05,681.1
42.46,1,main_extrusion_stroke,335.4,220.53,683.4
42.56,1,main_extrusion_stroke,332.51,225.0,685.7
42.66,1,main_extrusion_stroke,330.3,218.67,688.0
42.76,1,main_extrusion_stroke,329.16,217.72,690.3
42.86,1,main_extrusion_stroke,321.72,222.13,692.6
42.96,1,main_extrusion_stroke,325.99,214.78,694.9
43.06,1,main_extrusion_stroke,323.22,221.23,697.1
43.16,1,main_extrusion_stroke,319.52,219.93,699.4
43.26,1,main_extrusion_stroke,317.62,218.76,701.7
43.36,1,main_extrusion_stroke,313.99,224.55,704.0
43.46,1,main_extrusion_stroke,318.35,216.52,706.3
43.56,1,main_extrusion_stroke,307.27,225.61,708.6
43.66,1,main_extrusion_stroke,303.8,217.32,710.9
43.76,1,main_extrusion_stroke,299.42,213.35,713.1
43.86,1,main_extrusion_stroke,295.72,217.77,715.4
43.96,1,main_extrusion_stroke,292.28,213.46,717.7
44.06,1,main_extrusion_stroke,291.11,214.31,720.0
44.16,1,main_extrusion_stroke,291.79,218.04,722.3
44.26,1,main_extrusion_stroke,290.82,218.3,724.6
44.36,1,main_extrusion_stroke,287.1,213.88,726.9
44.46,1,main_extrusion_stroke,281.24,219.22,729.1
44.56,1,main_extrusion_stroke,285.32,219.53,731.4
44.66,1,main_extrusion_stroke,282.08,220.21,733.7
44.76,1,main_extrusion_stroke,275.89,216.74,736.0
44.86,1,main_extrusion_stroke,271.33,219.37,738.3
44.96,1,main_extrusion_stroke,273.55,207.72,740.6
45.06,1,main_extrusion_stroke,269.51,212.9,742.9
45.16,1,main_extrusion_stroke,260.38,210.69,745.1
45.26,1,main_extrusion_stroke,263.31,213.85,747.4
45.36,1,main_extrusion_stroke,262.04,211.14,749.7
45.46,1,main_extrusion_stroke,254.8,212.26,752.0
45.56,1,main_extrusion_stroke,256.57,219.14,754.3
45.66,1,main_extrusion_stroke,247.4,211.66,756.6
45.76,1,main_extrusion_stroke,255.97,213.41,758.9
45.86,1,main_extrusion_stroke,253.03,210.86,761.1
45.96,1,main_extrusion_stroke,244.44,211.65,763.4
46.06,1,main_extrusion_stroke,244.31,211.11,765.7
46.16,1,main_extrusion_stroke,230.63,212.36,768.0
46.26,1,main_extrusion_stroke,233.05,214.58,770.3
46.36,1,main_extrusion_stroke,233.91,215.98,772.6
46.46,1,main_extrusion_stroke,228.21,211.0,774.9
46.56,1,main_extrusion_stroke,232.76,211.69,777.1
46.66,1,main_extrusion_stroke,235.3,205.3,779.4
46.76,1,main_extrusion_stroke,220.02,208.73,781.7
46.86,1,main_extrusion_stroke,218.78,212.04,784.0
46.96,1,main_extrusion_stroke,220.48,211.49,786.3
47.06,1,main_extrusion_stroke,223.4,208.9,788.6
47.16,1,main_extrusion_stroke,209.47,210.97,790.9
47.26,1,main_extrusion_stroke,212.77,209.3,793.1
47.36,1,main_extrusion_stroke,216.47,211.49,795.4
47.46,1,main_extrusion_stroke,199.98,208.01,797.7
47.56,1,main_extrusion_stroke,198.88,205.46,800.0
47.66,1,inter_billet_dwell,0.0,15.0,800.0
47.77,1,inter_billet_dwell,0.0,20.77,800.0
47.87,1,inter_billet_dwell,0.0,15.0,800.0
47.97,1,inter_billet_dwell,0.0,16.55,800.0
48.07,1,inter_billet_dwell,0.0,20.9,800.0
48.17,1,inter_billet_dwell,0.0,20.96,800.0
48.27,1,inter_billet_dwell,0.0,17.68,800.0
48.37,1,inter_billet_dwell,0.0,18.58,800.0
48.47,1,inter_billet_dwell,0.0,22.74,800.0
48.57,1,inter_billet_dwell,0.0,19.03,800.0
48.67,1,inter_billet_dwell,0.0,24.49,800.0
48.77,1,inter_billet_dwell,0.0,20.0,800.0
48.88,1,inter_billet_dwell,0.0,20.82,800.0
48.98,1,inter_billet_dwell,0.0,23.23,800.0
49.08,1,inter_billet_dwell,0.0,20.26,800.0
49.18,1,inter_billet_dwell,0.0,18.0,800.0
49.28,1,inter_billet_dwell,0.0,19.78,800.0
49.38,1,inter_billet_dwell,0.0,19.93,800.0
49.48,1,inter_billet_dwell,0.0,17.27,800.0
49.58,1,inter_billet_dwell,0.0,19.49,800.0
49.68,1,inter_billet_dwell,0.0,18.52,800.0
49.78,1,inter_billet_dwell,0.0,21.85,800.0
49.88,1,inter_billet_dwell,0.0,20.07,800.0
49.99,1,inter_billet_dwell,0.0,19.43,800.0
50.09,1,inter_billet_dwell,0.0,19.79,800.0
50.19,1,inter_billet_dwell,0.0,20.45,800.0
50.29,1,inter_billet_dwell,0.0,21.23,800.0
50.39,1,inter_billet_dwell,0.0,18.0,800.0
50.49,1,inter_billet_dwell,0.0,17.92,800.0
50.59,1,inter_billet_dwell,0.0,22.21,800.0
50.69,1,inter_billet_dwell,0.0,19.18,800.0
50.79,1,inter_billet_dwell,0.0,17.17,800.0
50.89,1,inter_billet_dwell,0.0,20.89,800.0
50.99,1,inter_billet_dwell,0.0,20.93,800.0
51.1,1,inter_billet_dwell,0.0,16.94,800.0
51.2,1,inter_billet_dwell,0.0,20.46,800.0
51.3,1,inter_billet_dwell,0.0,21.47,800.0
51.4,1,inter_billet_dwell,0.0,20.75,800.0
51.5,1,inter_billet_dwell,0.0,21.26,800.0
51.6,1,inter_billet_dwell,0.0,17.19,800.0
51.7,1,inter_billet_dwell,0.0,20.66,800.0
51.8,1,inter_billet_dwell,0.0,19.39,800.0
51.9,1,inter_billet_dwell,0.0,19.03,800.0
52.0,1,inter_billet_dwell,0.0,21.74,800.0
52.1,1,inter_billet_dwell,0.0,22.96,800.0
52.21,1,inter_billet_dwell,0.0,23.59,800.0
52.31,1,inter_billet_dwell,0.0,22.63,800.0
52.41,1,inter_billet_dwell,0.0,19.78,800.0
52.51,1,inter_billet_dwell,0.0,20.71,800.0
52.61,1,inter_billet_dwell,0.0,21.53,800.0
52.71,1,inter_billet_dwell,0.0,20.24,800.0
52.81,1,inter_billet_dwell,0.0,20.26,800.0
52.91,1,inter_billet_dwell,0.0,21.65,800.0
53.01,1,inter_billet_dwell,0.0,19.88,800.0
53.11,1,inter_billet_dwell,0.0,18.54,800.0
53.21,1,inter_billet_dwell,0.0,19.17,800.0
53.32,1,inter_billet_dwell,0.0,21.27,800.0
53.42,1,inter_billet_dwell,0.0,20.01,800.0
53.52,1,inter_billet_dwell,0.0,20.68,800.0
53.62,1,inter_billet_dwell,0.0,21.34,800.0
53.72,1,inter_billet_dwell,0.0,19.25,800.0
53.82,1,inter_billet_dwell,0.0,21.51,800.0
53.92,1,inter_billet_dwell,0.0,20.76,800.0
54.02,1,inter_billet_dwell,0.0,17.53,800.0
54.12,1,inter_billet_dwell,0.0,22.88,800.0
54.22,1,inter_billet_dwell,0.0,19.0,800.0
54.32,1,inter_billet_dwell,0.0,16.69,800.0
54.42,1,inter_billet_dwell,0.0,17.91,800.0
54.53,1,inter_billet_dwell,0.0,17.96,800.0
54.63,1,inter_billet_dwell,0.0,20.1,800.0
54.73,1,inter_billet_dwell,0.0,19.45,800.0
54.83,1,inter_billet_dwell,0.0,19.33,800.0
54.93,1,inter_billet_dwell,0.0,21.24,800.0
55.03,1,inter_billet_dwell,0.0,20.68,800.0
55.13,1,inter_billet_dwell,0.0,20.63,800.0
55.23,1,inter_billet_dwell,0.0,20.82,800.0
55.33,1,inter_billet_dwell,0.0,21.23,800.0
55.43,2,decompression,44.09,281.21,0.0
55.54,2,decompression,39.55,259.35,0.0
55.65,2,decompression,45.09,235.23,0.0
55.76,2,decompression,44.99,216.46,0.0
55.86,2,decompression,47.61,194.38,0.0
55.97,2,decompression,47.97,171.82,0.0
56.08,2,decompression,45.51,148.86,0.0
56.18,2,decompression,43.75,127.04,0.0
56.29,2,decompression,46.21,105.86,0.0
56.4,2,decompression,43.68,85.81,0.0
56.51,2,decompression,45.0,61.9,0.0
56.61,2,decompression,47.47,42.32,0.0
56.72,2,decompression,43.61,18.14,0.0
56.82,2,container_shift_open,175.27,60.22,0.0
56.92,2,container_shift_open,181.11,59.18,0.0
57.03,2,container_shift_open,171.56,57.2,0.0
57.13,2,container_shift_open,178.68,56.91,0.0
57.23,2,container_shift_open,175.37,61.31,0.0
57.33,2,container_shift_open,176.03,59.45,0.0
57.43,2,container_shift_open,175.3,58.81,0.0
57.54,2,container_shift_open,176.11,60.02,0.0
57.64,2,container_shift_open,174.62,61.59,0.0
57.74,2,container_shift_open,178.64,60.36,0.0
57.84,2,container_shift_open,173.86,58.69,0.0
57.94,2,container_shift_open,177.83,62.45,0.0
58.05,2,container_shift_open,173.39,63.16,0.0
58.15,2,container_shift_open,174.85,60.99,0.0
58.25,2,container_shift_open,172.32,61.95,0.0
58.35,2,container_shift_open,176.14,62.48,0.0
58.45,2,container_shift_open,178.61,62.26,0.0
58.55,2,container_shift_open,174.81,61.23,0.0
58.66,2,container_shift_open,174.51,61.2,0.0
58.76,2,container_shift_open,172.21,61.04,0.0
58.86,2,container_shift_open,174.43,57.81,0.0
58.96,2,container_shift_open,171.02,61.4,0.0
59.06,2,container_shift_open,172.72,57.29,0.0
59.17,2,container_shift_open,175.57,58.41,0.0
59.27,2,container_shift_open,178.3,62.61,0.0
59.37,2,container_shift_open,182.02,61.68,0.0
59.47,2,container_shift_open,173.53,62.97,0.0
59.57,2,container_shift_open,178.59,59.46,0.0
59.68,2,container_shift_open,175.61,57.7,0.0
59.78,2,container_shift_open,174.62,59.52,0.0
59.88,2,container_shift_open,176.08,60.2,0.0
59.98,2,container_shift_open,175.15,60.16,0.0
60.08,2,shear_stroke,134.1,205.36,0.0
60.18,2,shear_stroke,135.88,206.0,0.0
60.29,2,shear_stroke,132.53,208.91,0.0
60.39,2,shear_stroke,136.13,210.03,0.0
60.49,2,shear_stroke,135.01,211.38,0.0
60.6,2,shear_stroke,133.13,210.95,0.0
60.7,2,shear_stroke,134.41,209.23,0.0
60.8,2,shear_stroke,134.54,212.04,0.0
60.91,2,shear_stroke,134.32,212.06,0.0
61.01,2,shear_stroke,139.43,210.37,0.0
61.11,2,shear_stroke,134.75,211.93,0.0
61.21,2,shear_stroke,134.39,210.55,0.0
61.32,2,shear_stroke,129.76,208.88,0.0
61.42,2,shear_stroke,132.76,211.4,0.0
61.52,2,shear_stroke,134.34,210.22,0.0
61.63,2,shear_stroke,133.29,210.0,0.0
61.73,2,shear_stroke,138.45,212.95,0.0
61.83,2,shear_stroke,134.59,205.1,0.0
61.94,2,shear_stroke,138.22,207.16,0.0
62.04,2,shear_stroke,135.15,207.63,0.0
62.14,2,shear_stroke,135.09,209.27,0.0
62.25,2,shear_stroke,134.78,209.49,0.0
62.35,2,shear_stroke,135.01,206.99,0.0
62.45,2,shear_stroke,139.3,208.03,0.0
62.55,2,die_slide_shift,86.14,51.27,0.0
62.66,2,die_slide_shift,84.5,49.98,0.0
62.76,2,die_slide_shift,78.97,47.25,0.0
62.86,2,die_slide_shift,79.09,49.37,0.0
62.97,2,die_slide_shift,77.13,50.73,0.0
63.07,2,die_slide_shift,75.23,51.23,0.0
63.18,2,die_slide_shift,79.71,49.72,0.0
63.28,2,die_slide_shift,77.51,53.06,0.0
63.39,2,die_slide_shift,79.79,52.02,0.0
63.49,2,die_slide_shift,76.0,49.49,0.0
63.6,2,die_slide_shift,78.1,51.5,0.0
63.7,2,die_slide_shift,80.37,53.87,0.0
63.8,2,die_slide_shift,80.92,53.92,0.0
63.91,2,die_slide_shift,81.04,47.54,0.0
64.01,2,die_slide_shift,76.7,48.15,0.0
64.12,2,die_slide_shift,82.14,52.97,0.0
64.22,2,die_slide_shift,78.0,47.88,0.0
64.32,2,billet_load_and_seal,158.78,25.05,0.0
64.42,2,billet_load_and_seal,161.05,28.94,0.0
64.53,2,billet_load_and_seal,159.74,31.82,0.0
64.63,2,billet_load_and_seal,158.37,36.49,0.0
64.73,2,billet_load_and_seal,158.31,38.73,0.0
64.83,2,billet_load_and_seal,158.22,36.97,0.0
64.93,2,billet_load_and_seal,157.8,45.13,0.0
65.04,2,billet_load_and_seal,165.7,43.5,0.0
65.14,2,billet_load_and_seal,160.74,49.44,0.0
65.24,2,billet_load_and_seal,162.22,50.28,0.0
65.34,2,billet_load_and_seal,158.78,52.12,0.0
65.44,2,billet_load_and_seal,159.54,52.12,0.0
65.55,2,billet_load_and_seal,158.22,58.19,0.0
65.65,2,billet_load_and_seal,153.37,58.2,0.0
65.75,2,billet_load_and_seal,156.55,66.05,0.0
65.85,2,billet_load_and_seal,155.47,69.95,0.0
65.95,2,billet_load_and_seal,154.38,68.11,0.0
66.06,2,billet_load_and_seal,157.01,73.1,0.0
66.16,2,billet_load_and_seal,163.31,73.84,0.0
66.26,2,billet_load_and_seal,159.89,76.83,0.0
66.36,2,billet_load_and_seal,163.23,82.43,0.0
66.47,2,billet_load_and_seal,161.03,83.6,0.0
66.57,2,billet_load_and_seal,161.96,89.95,0.0
66.67,2,billet_load_and_seal,157.75,88.3,0.0
66.77,2,billet_load_and_seal,161.31,94.06,0.0
66.87,2,billet_load_and_seal,161.82,95.05,0.0
66.98,2,billet_load_and_seal,158.56,99.24,0.0
67.08,2,billet_load_and_seal,161.4,99.55,0.0
67.18,2,billet_load_and_seal,161.42,103.14,0.0
67.28,2,billet_load_and_seal,158.63,105.8,0.0
67.38,2,billet_load_and_seal,157.19,107.15,0.0
67.49,2,billet_load_and_seal,157.04,112.94,0.0
67.59,2,billet_load_and_seal,160.22,115.71,0.0
67.69,2,billet_load_and_seal,160.82,118.39,0.0
67.79,2,billet_load_and_seal,158.02,123.07,0.0
67.89,2,main_extrusion_stroke,237.7,181.91,0.0
67.99,2,main_extrusion_stroke,249.49,185.89,2.0
68.09,2,main_extrusion_stroke,254.29,194.35,3.9
68.19,2,main_extrusion_stroke,265.68,190.08,5.9
68.29,2,main_extrusion_stroke,271.98,196.83,7.8
68.39,2,main_extrusion_stroke,289.65,194.98,9.8
68.49,2,main_extrusion_stroke,293.42,200.01,11.8
68.59,2,main_extrusion_stroke,299.89,200.92,13.7
68.69,2,main_extrusion_stroke,314.33,206.74,15.7
68.79,2,main_extrusion_stroke,309.66,204.09,17.6
68.89,2,main_extrusion_stroke,319.08,202.73,19.6
68.99,2,main_extrusion_stroke,339.12,205.67,21.6
69.09,2,main_extrusion_stroke,344.97,210.92,23.5
69.19,2,main_extrusion_stroke,354.53,210.68,25.5
69.29,2,main_extrusion_stroke,357.01,218.76,27.5
69.4,2,main_extrusion_stroke,371.02,217.97,29.4
69.5,2,main_extrusion_stroke,387.92,230.18,31.4
69.6,2,main_extrusion_stroke,392.0,218.06,33.3
69.7,2,main_extrusion_stroke,398.17,227.13,35.3
69.8,2,main_extrusion_stroke,404.53,224.74,37.3
69.9,2,main_extrusion_stroke,413.5,229.24,39.2
70.0,2,main_extrusion_stroke,415.36,233.73,41.2
70.1,2,main_extrusion_stroke,433.7,227.37,43.1
70.2,2,main_extrusion_stroke,444.85,238.61,45.1
70.3,2,main_extrusion_stroke,443.96,246.72,47.1
70.4,2,main_extrusion_stroke,456.41,240.75,49.0
70.5,2,main_extrusion_stroke,463.22,245.51,51.0
70.6,2,main_extrusion_stroke,472.78,250.47,52.9
70.7,2,main_extrusion_stroke,485.65,248.58,54.9
70.8,2,main_extrusion_stroke,485.89,249.39,56.9
70.9,2,main_extrusion_stroke,505.48,245.73,58.8
71.0,2,main_extrusion_stroke,514.83,258.22,60.8
71.1,2,main_extrusion_stroke,519.61,257.85,62.7
71.2,2,main_extrusion_stroke,519.48,256.97,64.7
71.3,2,main_extrusion_stroke,534.21,263.23,66.7
71.4,2,main_extrusion_stroke,551.93,263.02,68.6
71.5,2,main_extrusion_stroke,544.68,265.49,70.6
71.6,2,main_extrusion_stroke,563.19,271.73,72.5
71.7,2,main_extrusion_stroke,568.66,267.2,74.5
71.8,2,main_extrusion_stroke,585.39,277.82,76.5
71.9,2,main_extrusion_stroke,588.26,271.54,78.4
72.0,2,main_extrusion_stroke,599.45,276.39,80.4
72.1,2,main_extrusion_stroke,599.25,287.71,82.4
72.2,2,main_extrusion_stroke,603.49,287.2,84.3
72.3,2,main_extrusion_stroke,594.49,285.87,86.3
72.4,2,main_extrusion_stroke,595.96,284.51,88.2
72.5,2,main_extrusion_stroke,587.68,288.22,90.2
72.6,2,main_extrusion_stroke,597.53,292.6,92.2
72.7,2,main_extrusion_stroke,588.89,294.75,94.1
72.8,2,main_extrusion_stroke,588.84,296.47,96.1
72.9,2,main_extrusion_stroke,590.15,296.43,98.0
73.0,2,main_extrusion_stroke,583.15,295.54,100.0
73.1,2,main_extrusion_stroke,589.47,290.99,102.0
73.2,2,main_extrusion_stroke,591.58,293.98,103.9
73.3,2,main_extrusion_stroke,588.04,298.74,105.9
73.4,2,main_extrusion_stroke,579.67,290.5,107.8
73.51,2,main_extrusion_stroke,584.69,294.37,109.8
73.61,2,main_extrusion_stroke,587.31,291.91,111.8
73.71,2,main_extrusion_stroke,575.99,294.92,113.7
73.81,2,main_extrusion_stroke,578.36,292.92,115.7
73.91,2,main_extrusion_stroke,585.32,299.2,117.6
74.01,2,main_extrusion_stroke,582.05,295.55,119.6
74.11,2,main_extrusion_stroke,581.77,288.94,121.6
74.21,2,main_extrusion_stroke,586.72,295.63,123.5
74.31,2,main_extrusion_stroke,580.31,290.31,125.5
74.41,2,main_extrusion_stroke,580.23,290.76,127.5
74.51,2,main_extrusion_stroke,587.6,293.62,129.4
74.61,2,main_extrusion_stroke,575.05,290.55,131.4
74.71,2,main_extrusion_stroke,571.88,295.15,133.3
74.81,2,main_extrusion_stroke,575.93,289.06,135.3
74.91,2,main_extrusion_stroke,575.14,289.35,137.3
75.01,2,main_extrusion_stroke,570.43,288.97,139.2
75.11,2,main_extrusion_stroke,567.56,289.04,141.2
75.21,2,main_extrusion_stroke,580.09,294.61,143.1
75.31,2,main_extrusion_stroke,571.32,292.72,145.1
75.41,2,main_extrusion_stroke,566.24,296.25,147.1
75.51,2,main_extrusion_stroke,571.99,297.95,149.0
75.61,2,main_extrusion_stroke,567.04,286.16,151.0
75.71,2,main_extrusion_stroke,565.62,289.76,152.9
75.81,2,main_extrusion_stroke,568.04,285.14,154.9
75.91,2,main_extrusion_stroke,559.78,286.29,156.9
76.01,2,main_extrusion_stroke,565.52,286.55,158.8
76.11,2,main_extrusion_stroke,570.91,284.81,160.8
76.21,2,main_extrusion_stroke,564.28,284.58,162.7
76.31,2,main_extrusion_stroke,560.07,287.5,164.7
76.41,2,main_extrusion_stroke,558.7,283.5,166.7
76.51,2,main_extrusion_stroke,558.25,290.45,168.6
76.61,2,main_extrusion_stroke,558.03,284.04,170.6
76.71,2,main_extrusion_stroke,556.69,296.84,172.5
76.81,2,main_extrusion_stroke,561.03,285.17,174.5
76.91,2,main_extrusion_stroke,549.58,286.75,176.5
77.01,2,main_extrusion_stroke,559.12,281.72,178.4
77.11,2,main_extrusion_stroke,553.31,291.97,180.4
77.21,2,main_extrusion_stroke,555.5,289.67,182.4
77.31,2,main_extrusion_stroke,548.64,286.54,184.3
77.41,2,main_extrusion_stroke,557.62,280.53,186.3
77.51,2,main_extrusion_stroke,556.44,285.73,188.2
77.62,2,main_extrusion_stroke,554.45,280.82,190.2
77.72,2,main_extrusion_stroke,543.71,289.61,192.2
77.82,2,main_extrusion_stroke,552.25,287.07,194.1
77.92,2,main_extrusion_stroke,549.71,284.33,196.1
78.02,2,main_extrusion_stroke,540.82,275.21,198.0
78.12,2,main_extrusion_stroke,546.3,280.05,200.0
78.22,2,main_extrusion_stroke,547.02,285.65,202.0
78.32,2,main_extrusion_stroke,546.94,287.23,203.9
78.42,2,main_extrusion_stroke,544.58,286.62,205.9
78.52,2,main_extrusion_stroke,544.19,276.91,207.8
78.62,2,main_extrusion_stroke,548.08,283.29,209.8
78.72,2,main_extrusion_stroke,546.25,285.54,211.8
78.82,2,main_extrusion_stroke,529.03,275.93,213.7
78.92,2,main_extrusion_stroke,538.39,281.45,215.7
79.02,2,main_extrusion_stroke,538.15,282.19,217.6
79.12,2,main_extrusion_stroke,530.96,279.93,219.6
79.22,2,main_extrusion_stroke,537.5,274.25,221.6
79.32,2,main_extrusion_stroke,541.28,279.34,223.5
79.42,2,main_extrusion_stroke,531.09,279.08,225.5
79.52,2,main_extrusion_stroke,535.94,279.46,227.5
79.62,2,main_extrusion_stroke,530.09,277.75,229.4
79.72,2,main_extrusion_stroke,530.22,277.92,231.4
79.82,2,main_extrusion_stroke,537.98,279.08,233.3
79.92,2,main_extrusion_stroke,529.05,280.52,235.3
80.02,2,main_extrusion_stroke,532.23,277.66,237.3
80.12,2,main_extrusion_stroke,522.05,277.04,239.2
80.22,2,main_extrusion_stroke,536.14,278.54,241.2
80.32,2,main_extrusion_stroke,530.26,271.25,243.1
80.42,2,main_extrusion_stroke,526.28,279.39,245.1
80.52,2,main_extrusion_stroke,528.47,277.47,247.1
80.62,2,main_extrusion_stroke,519.68,277.36,249.0
80.72,2,main_extrusion_stroke,529.21,280.33,251.0
80.82,2,main_extrusion_stroke,522.34,269.88,252.9
80.92,2,main_extrusion_stroke,521.98,269.55,254.9
81.02,2,main_extrusion_stroke,519.98,277.17,256.9
81.12,2,main_extrusion_stroke,518.78,275.94,258.8
81.22,2,main_extrusion_stroke,523.04,276.31,260.8
81.32,2,main_extrusion_stroke,520.44,273.84,262.7
81.42,2,main_extrusion_stroke,521.18,277.53,264.7
81.52,2,main_extrusion_stroke,517.7,278.22,266.7
81.62,2,main_extrusion_stroke,518.94,276.4,268.6
81.72,2,main_extrusion_stroke,514.37,273.54,270.6
81.83,2,main_extrusion_stroke,524.12,266.83,272.5
81.93,2,main_extrusion_stroke,508.09,276.65,274.5
82.03,2,main_extrusion_stroke,518.56,277.98,276.5
82.13,2,main_extrusion_stroke,518.15,275.71,278.4
82.23,2,main_extrusion_stroke,508.42,270.12,280.4
82.33,2,main_extrusion_stroke,519.91,275.31,282.4
82.43,2,main_extrusion_stroke,514.13,275.71,284.3
82.53,2,main_extrusion_stroke,513.19,277.9,286.3
82.63,2,main_extrusion_stroke,508.57,269.13,288.2
82.73,2,main_extrusion_stroke,506.75,271.15,290.2
82.83,2,main_extrusion_stroke,505.93,274.31,292.2
82.93,2,main_extrusion_stroke,507.49,271.65,294.1
83.03,2,main_extrusion_stroke,510.69,267.28,296.1
83.13,2,main_extrusion_stroke,504.97,272.39,298.0
83.23,2,main_extrusion_stroke,499.75,272.72,300.0
83.33,2,main_extrusion_stroke,505.85,270.75,302.0
83.43,2,main_extrusion_stroke,505.4,270.96,303.9
83.53,2,main_extrusion_stroke,503.49,269.03,305.9
83.63,2,main_extrusion_stroke,503.01,274.86,307.8
83.73,2,main_extrusion_stroke,498.1,266.28,309.8
83.83,2,main_extrusion_stroke,494.63,267.13,311.8
83.93,2,main_extrusion_stroke,494.03,268.97,313.7
84.03,2,main_extrusion_stroke,490.11,271.76,315.7
84.13,2,main_extrusion_stroke,496.76,263.19,317.6
84.23,2,main_extrusion_stroke,494.63,263.6,319.6
84.33,2,main_extrusion_stroke,492.37,260.8,321.6
84.43,2,main_extrusion_stroke,481.46,267.79,323.5
84.53,2,main_extrusion_stroke,487.45,263.52,325.5
84.63,2,main_extrusion_stroke,496.08,265.83,327.5
84.73,2,main_extrusion_stroke,488.09,269.24,329.4
84.83,2,main_extrusion_stroke,491.35,264.43,331.4
84.93,2,main_extrusion_stroke,483.5,267.23,333.3
85.03,2,main_extrusion_stroke,493.98,265.13,335.3
85.13,2,main_extrusion_stroke,486.8,268.28,337.3
85.23,2,main_extrusion_stroke,487.7,267.34,339.2
85.33,2,main_extrusion_stroke,495.0,263.0,341.2
85.43,2,main_extrusion_stroke,490.92,264.58,343.1
85.53,2,main_extrusion_stroke,482.78,268.57,345.1
85.63,2,main_extrusion_stroke,480.79,266.05,347.1
85.73,2,main_extrusion_stroke,481.02,259.53,349.0
85.83,2,main_extrusion_stroke,483.52,266.46,351.0
85.94,2,main_extrusion_stroke,480.21,260.12,352.9
86.04,2,main_extrusion_stroke,478.21,268.61,354.9
86.14,2,main_extrusion_stroke,484.82,267.0,356.9
86.24,2,main_extrusion_stroke,477.65,264.18,358.8
86.34,2,main_extrusion_stroke,486.46,263.46,360.8
86.44,2,main_extrusion_stroke,476.78,261.93,362.7
86.54,2,main_extrusion_stroke,482.72,264.79,364.7
86.64,2,main_extrusion_stroke,476.16,260.86,366.7
86.74,2,main_extrusion_stroke,477.74,262.73,368.6
86.84,2,main_extrusion_stroke,470.15,264.71,370.6
86.94,2,main_extrusion_stroke,468.79,259.44,372.5
87.04,2,main_extrusion_stroke,473.2,259.0,374.5
87.14,2,main_extrusion_stroke,474.47,256.72,376.5
87.24,2,main_extrusion_stroke,469.84,256.93,378.4
87.34,2,main_extrusion_stroke,463.69,254.0,380.4
87.44,2,main_extrusion_stroke,462.55,262.71,382.4
87.54,2,main_extrusion_stroke,461.44,266.23,384.3
87.64,2,main_extrusion_stroke,459.23,264.64,386.3
87.74,2,main_extrusion_stroke,465.9,253.71,388.2
87.84,2,main_extrusion_stroke,469.12,261.68,390.2
87.94,2,main_extrusion_stroke,463.72,263.87,392.2
88.04,2,main_extrusion_stroke,453.89,257.05,394.1
88.14,2,main_extrusion_stroke,461.32,258.75,396.1
88.24,2,main_extrusion_stroke,460.59,251.12,398.0
88.34,2,main_extrusion_stroke,468.78,258.83,400.0
88.44,2,main_extrusion_stroke,453.73,253.92,402.0
88.54,2,main_extrusion_stroke,457.15,258.09,403.9
88.64,2,main_extrusion_stroke,464.69,251.68,405.9
88.74,2,main_extrusion_stroke,458.83,258.79,407.8
88.84,2,main_extrusion_stroke,458.44,260.22,409.8
88.94,2,main_extrusion_stroke,455.8,253.65,411.8
89.04,2,main_extrusion_stroke,455.82,252.16,413.7
89.14,2,main_extrusion_stroke,456.77,248.34,415.7
89.24,2,main_extrusion_stroke,449.57,254.7,417.6
89.34,2,main_extrusion_stroke,455.48,253.35,419.6
89.44,2,main_extrusion_stroke,445.63,249.7,421.6
89.54,2,main_extrusion_stroke,451.6,256.47,423.5
89.64,2,main_extrusion_stroke,450.15,253.06,425.5
89.74,2,main_extrusion_stroke,446.13,250.61,427.5
89.84,2,main_extrusion_stroke,447.66,252.19,429.4
89.94,2,main_extrusion_stroke,444.42,257.63,431.4
90.05,2,main_extrusion_stroke,441.78,255.74,433.3
90.15,2,main_extrusion_stroke,443.81,252.92,435.3
90.25,2,main_extrusion_stroke,439.96,255.29,437.3
90.35,2,main_extrusion_stroke,444.83,248.81,439.2
90.45,2,main_extrusion_stroke,438.09,252.74,441.2
90.55,2,main_extrusion_stroke,444.7,252.89,443.1
90.65,2,main_extrusion_stroke,436.28,250.48,445.1
90.75,2,main_extrusion_stroke,437.9,253.39,447.1
90.85,2,main_extrusion_stroke,436.82,248.89,449.0
90.95,2,main_extrusion_stroke,443.78,253.15,451.0
91.05,2,main_extrusion_stroke,438.96,253.05,452.9
91.15,2,main_extrusion_stroke,435.95,240.66,454.9
91.25,2,main_extrusion_stroke,437.94,254.78,456.9
91.35,2,main_extrusion_stroke,426.68,239.7,458.8
91.45,2,main_extrusion_stroke,434.09,247.96,460.8
91.55,2,main_extrusion_stroke,441.41,253.45,462.7
91.65,2,main_extrusion_stroke,433.11,248.5,464.7
91.75,2,main_extrusion_stroke,432.0,244.23,466.7
91.85,2,main_extrusion_stroke,433.08,245.28,468.6
91.95,2,main_extrusion_stroke,433.63,252.45,470.6
92.05,2,main_extrusion_stroke,421.21,241.88,472.5
92.15,2,main_extrusion_stroke,421.63,252.31,474.5
92.25,2,main_extrusion_stroke,428.36,247.91,476.5
92.35,2,main_extrusion_stroke,423.82,243.68,478.4
92.45,2,main_extrusion_stroke,431.08,245.56,480.4
92.55,2,main_extrusion_stroke,423.73,243.79,482.4
92.65,2,main_extrusion_stroke,416.41,250.13,484.3
92.75,2,main_extrusion_stroke,418.23,249.42,486.3
92.85,2,main_extrusion_stroke,411.46,240.58,488.2
92.95,2,main_extrusion_stroke,420.68,244.94,490.2
93.05,2,main_extrusion_stroke,420.02,243.08,492.2
93.15,2,main_extrusion_stroke,418.23,250.38,494.1
93.25,2,main_extrusion_stroke,423.4,240.87,496.1
93.35,2,main_extrusion_stroke,423.04,250.96,498.0
93.45,2,main_extrusion_stroke,416.72,244.98,500.0
93.55,2,main_extrusion_stroke,408.02,240.78,502.0
93.65,2,main_extrusion_stroke,418.18,242.22,503.9
93.75,2,main_extrusion_stroke,417.09,241.54,505.9
93.85,2,main_extrusion_stroke,415.27,239.63,507.8
93.95,2,main_extrusion_stroke,417.11,244.17,509.8
94.05,2,main_extrusion_stroke,407.68,239.29,511.8
94.15,2,main_extrusion_stroke,419.53,235.71,513.7
94.26,2,main_extrusion_stroke,406.82,241.76,515.7
94.36,2,main_extrusion_stroke,412.81,236.53,517.6
94.46,2,main_extrusion_stroke,402.22,239.95,519.6
94.56,2,main_extrusion_stroke,404.4,239.15,521.6
94.66,2,main_extrusion_stroke,413.35,239.03,523.5
94.76,2,main_extrusion_stroke,405.4,248.84,525.5
94.86,2,main_extrusion_stroke,408.96,241.78,527.5
94.96,2,main_extrusion_stroke,405.7,242.19,529.4
95.06,2,main_extrusion_stroke,403.49,234.86,531.4
95.16,2,main_extrusion_stroke,408.52,238.54,533.3
95.26,2,main_extrusion_stroke,401.28,241.33,535.3
95.36,2,main_extrusion_stroke,394.26,236.74,537.3
95.46,2,main_extrusion_stroke,397.32,243.25,539.2
95.56,2,main_extrusion_stroke,401.9,235.62,541.2
95.66,2,main_extrusion_stroke,400.43,238.57,543.1
95.76,2,main_extrusion_stroke,391.74,237.27,545.1
95.86,2,main_extrusion_stroke,394.27,239.65,547.1
95.96,2,main_extrusion_stroke,393.99,236.58,549.0
96.06,2,main_extrusion_stroke,394.02,237.62,551.0
96.16,2,main_extrusion_stroke,389.13,237.49,552.9
96.26,2,main_extrusion_stroke,391.28,235.5,554.9
96.36,2,main_extrusion_stroke,390.03,239.52,556.9
96.46,2,main_extrusion_stroke,395.19,238.4,558.8
96.56,2,main_extrusion_stroke,394.5,237.01,560.8
96.66,2,main_extrusion_stroke,389.84,235.56,562.7
96.76,2,main_extrusion_stroke,388.01,239.6,564.7
96.86,2,main_extrusion_stroke,389.29,235.74,566.7
96.96,2,main_extrusion_stroke,384.62,235.24,568.6
97.06,2,main_extrusion_stroke,382.46,236.43,570.6
97.16,2,main_extrusion_stroke,382.44,241.75,572.5
97.26,2,main_extrusion_stroke,382.82,230.87,574.5
97.36,2,main_extrusion_stroke,379.86,238.0,576.5
97.46,2,main_extrusion_stroke,384.32,228.43,578.4
97.56,2,main_extrusion_stroke,385.75,235.57,580.4
97.66,2,main_extrusion_stroke,375.64,240.07,582.4
97.76,2,main_extrusion_stroke,381.25,236.01,584.3
97.86,2,main_extrusion_stroke,379.42,234.65,586.3
97.96,2,main_extrusion_stroke,380.82,231.84,588.2
98.06,2,main_extrusion_stroke,378.56,233.66,590.2
98.16,2,main_extrusion_stroke,371.96,232.42,592.2
98.26,2,main_extrusion_stroke,371.88,230.3,594.1
98.37,2,main_extrusion_stroke,376.2,231.78,596.1
98.47,2,main_extrusion_stroke,379.36,233.24,598.0
98.57,2,main_extrusion_stroke,365.54,229.61,600.0
98.67,2,main_extrusion_stroke,374.94,229.22,602.0
98.77,2,main_extrusion_stroke,377.47,227.03,603.9
98.87,2,main_extrusion_stroke,371.26,232.91,605.9
98.97,2,main_extrusion_stroke,373.23,233.2,607.8
99.07,2,main_extrusion_stroke,367.37,231.85,609.8
99.17,2,main_extrusion_stroke,368.86,234.17,611.8
99.27,2,main_extrusion_stroke,362.01,230.85,613.7
99.37,2,main_extrusion_stroke,358.28,231.66,615.7
99.47,2,main_extrusion_stroke,370.58,231.1,617.6
99.57,2,main_extrusion_stroke,362.03,229.47,619.6
99.67,2,main_extrusion_stroke,363.3,227.68,621.6
99.77,2,main_extrusion_stroke,358.74,237.03,623.5
99.87,2,main_extrusion_stroke,357.8,227.45,625.5
99.97,2,main_extrusion_stroke,361.9,226.45,627.5
100.07,2,main_extrusion_stroke,358.83,230.05,629.4
100.17,2,main_extrusion_stroke,362.42,229.16,631.4
100.27,2,main_extrusion_stroke,361.88,223.11,633.3
100.37,2,main_extrusion_stroke,360.51,231.71,635.3
100.47,2,main_extrusion_stroke,359.33,227.2,637.3
100.57,2,main_extrusion_stroke,363.85,223.39,639.2
100.67,2,main_extrusion_stroke,352.42,231.19,641.2
100.77,2,main_extrusion_stroke,355.63,228.97,643.1
100.87,2,main_extrusion_stroke,359.54,222.1,645.1
100.97,2,main_extrusion_stroke,359.22,232.49,647.1
101.07,2,main_extrusion_stroke,347.63,228.33,649.0
101.17,2,main_extrusion_stroke,351.23,225.74,651.0
101.27,2,main_extrusion_stroke,357.07,231.09,652.9
101.37,2,main_extrusion_stroke,352.82,225.83,654.9
101.47,2,main_extrusion_stroke,350.73,224.92,656.9
101.57,2,main_extrusion_stroke,348.24,222.46,658.8
101.67,2,main_extrusion_stroke,346.73,226.55,660.8
101.77,2,main_extrusion_stroke,348.57,225.93,662.7
101.87,2,main_extrusion_stroke,345.57,224.07,664.7
101.97,2,main_extrusion_stroke,345.56,221.0,666.7
102.07,2,main_extrusion_stroke,345.2,223.97,668.6
102.17,2,main_extrusion_stroke,341.33,223.02,670.6
102.27,2,main_extrusion_stroke,345.33,218.34,672.5
102.37,2,main_extrusion_stroke,354.02,217.61,674.5
102.48,2,main_extrusion_stroke,334.41,224.49,676.5
102.58,2,main_extrusion_stroke,341.97,213.15,678.4
102.68,2,main_extrusion_stroke,336.51,222.73,680.4
102.78,2,main_extrusion_stroke,339.64,220.08,682.4
102.88,2,main_extrusion_stroke,335.3,226.08,684.3
102.98,2,main_extrusion_stroke,335.94,219.53,686.3
103.08,2,main_extrusion_stroke,335.37,223.31,688.2
103.18,2,main_extrusion_stroke,329.21,219.36,690.2
103.28,2,main_extrusion_stroke,330.75,220.9,692.2
103.38,2,main_extrusion_stroke,314.62,222.83,694.1
103.48,2,main_extrusion_stroke,328.14,218.38,696.1
103.58,2,main_extrusion_stroke,321.06,223.24,698.0
103.68,2,main_extrusion_stroke,321.64,216.02,700.0
103.78,2,main_extrusion_stroke,310.23,220.28,702.0
103.88,2,main_extrusion_stroke,309.57,222.23,703.9
103.98,2,main_extrusion_stroke,311.25,221.06,705.9
104.08,2,main_extrusion_stroke,308.38,225.2,707.8
104.18,2,main_extrusion_stroke,307.35,215.57,709.8
104.28,2,main_extrusion_stroke,308.34,213.17,711.8
104.38,2,main_extrusion_stroke,294.72,214.26,713.7
104.48,2,main_extrusion_stroke,303.45,219.8,715.7
104.58,2,main_extrusion_stroke,297.37,218.98,717.6
104.68,2,main_extrusion_stroke,294.3,217.35,719.6
104.78,2,main_extrusion_stroke,287.0,212.81,721.6
104.88,2,main_extrusion_stroke,292.68,219.17,723.5
104.98,2,main_extrusion_stroke,278.79,211.95,725.5
105.08,2,main_extrusion_stroke,288.82,220.04,727.5
105.18,2,main_extrusion_stroke,278.03,225.74,729.4
105.28,2,main_extrusion_stroke,281.99,216.77,731.4
105.38,2,main_extrusion_stroke,279.08,217.27,733.3
105.48,2,main_extrusion_stroke,282.01,213.26,735.3
105.58,2,main_extrusion_stroke,274.4,208.39,737.3
105.68,2,main_extrusion_stroke,270.11,212.37,739.2
105.78,2,main_extrusion_stroke,268.64,210.4,741.2
105.88,2,main_extrusion_stroke,273.54,208.91,743.1
105.98,2,main_extrusion_stroke,268.37,219.75,745.1
106.08,2,main_extrusion_stroke,262.46,214.43,747.1
106.18,2,main_extrusion_stroke,260.83,214.55,749.0
106.28,2,main_extrusion_stroke,253.29,211.89,751.0
106.38,2,main_extrusion_stroke,258.89,212.12,752.9
106.48,2,main_extrusion_stroke,248.07,215.85,754.9
106.58,2,main_extrusion_stroke,255.9,212.11,756.9
106.69,2,main_extrusion_stroke,251.18,213.83,758.8
106.79,2,main_extrusion_stroke,257.99,211.03,760.8
106.89,2,main_extrusion_stroke,241.82,210.27,762.7
106.99,2,main_extrusion_stroke,243.59,206.29,764.7
107.09,2,main_extrusion_stroke,248.97,204.04,766.7
107.19,2,main_extrusion_stroke,244.32,209.8,768.6
107.29,2,main_extrusion_stroke,234.55,210.66,770.6
107.39,2,main_extrusion_stroke,236.01,205.71,772.5
107.49,2,main_extrusion_stroke,232.9,209.84,774.5
107.59,2,main_extrusion_stroke,231.79,209.9,776.5
107.69,2,main_extrusion_stroke,225.65,201.91,778.4
107.79,2,main_extrusion_stroke,225.86,206.01,780.4
107.89,2,main_extrusion_stroke,217.61,210.38,782.4
107.99,2,main_extrusion_stroke,222.32,210.06,784.3
108.09,2,main_extrusion_stroke,221.36,204.42,786.3
108.19,2,main_extrusion_stroke,216.42,208.76,788.2
108.29,2,main_extrusion_stroke,208.65,211.53,790.2
108.39,2,main_extrusion_stroke,216.84,210.42,792.2
108.49,2,main_extrusion_stroke,212.12,207.12,794.1
108.59,2,main_extrusion_stroke,205.54,205.56,796.1
108.69,2,main_extrusion_stroke,205.1,204.75,798.0
108.79,2,main_extrusion_stroke,198.0,208.34,800.0
108.89,2,inter_billet_dwell,0.0,21.26,800.0
108.99,2,inter_billet_dwell,0.0,20.26,800.0
109.09,2,inter_billet_dwell,0.0,21.64,800.0
109.19,2,inter_billet_dwell,0.0,20.19,800.0
109.3,2,inter_billet_dwell,0.0,21.57,800.0
109.4,2,inter_billet_dwell,0.0,21.74,800.0
109.5,2,inter_billet_dwell,0.0,18.39,800.0
109.6,2,inter_billet_dwell,0.0,16.38,800.0
109.7,2,inter_billet_dwell,0.0,23.09,800.0
109.8,2,inter_billet_dwell,0.0,20.51,800.0
109.9,2,inter_billet_dwell,0.0,16.57,800.0
110.0,2,inter_billet_dwell,0.0,18.57,800.0
110.11,2,inter_billet_dwell,0.0,21.54,800.0
110.21,2,inter_billet_dwell,0.0,19.44,800.0
110.31,2,inter_billet_dwell,0.0,18.98,800.0
110.41,2,inter_billet_dwell,0.0,22.8,800.0
110.51,2,inter_billet_dwell,0.0,17.91,800.0
110.61,2,inter_billet_dwell,0.0,18.4,800.0
110.71,2,inter_billet_dwell,0.0,20.42,800.0
110.81,2,inter_billet_dwell,0.0,20.78,800.0
110.92,2,inter_billet_dwell,0.0,20.99,800.0
111.02,2,inter_billet_dwell,0.0,21.82,800.0
111.12,2,inter_billet_dwell,0.0,20.4,800.0
111.22,2,inter_billet_dwell,0.0,20.98,800.0
111.32,2,inter_billet_dwell,0.0,19.48,800.0
111.42,2,inter_billet_dwell,0.0,20.13,800.0
111.52,2,inter_billet_dwell,0.0,20.22,800.0
111.63,2,inter_billet_dwell,0.0,20.43,800.0
111.73,2,inter_billet_dwell,0.0,21.55,800.0
111.83,2,inter_billet_dwell,0.0,21.11,800.0
111.93,2,inter_billet_dwell,0.0,20.09,800.0
112.03,2,inter_billet_dwell,0.0,18.38,800.0
112.13,2,inter_billet_dwell,0.0,20.14,800.0
112.23,2,inter_billet_dwell,0.0,19.94,800.0
112.33,2,inter_billet_dwell,0.0,20.39,800.0
112.44,2,inter_billet_dwell,0.0,24.41,800.0
112.54,2,inter_billet_dwell,0.0,18.95,800.0
112.64,2,inter_billet_dwell,0.0,20.84,800.0
112.74,2,inter_billet_dwell,0.0,22.14,800.0
112.84,2,inter_billet_dwell,0.0,20.2,800.0
112.94,2,inter_billet_dwell,0.0,24.68,800.0
113.04,2,inter_billet_dwell,0.0,19.24,800.0
113.14,2,inter_billet_dwell,0.0,20.65,800.0
113.25,2,inter_billet_dwell,0.0,18.4,800.0
113.35,2,inter_billet_dwell,0.0,19.3,800.0
113.45,2,inter_billet_dwell,0.0,20.5,800.0
113.55,2,inter_billet_dwell,0.0,21.69,800.0
113.65,2,inter_billet_dwell,0.0,20.64,800.0
113.75,2,inter_billet_dwell,0.0,22.52,800.0
113.85,2,inter_billet_dwell,0.0,19.81,800.0
113.96,2,inter_billet_dwell,0.0,19.34,800.0
114.06,2,inter_billet_dwell,0.0,25.41,800.0
114.16,2,inter_billet_dwell,0.0,20.79,800.0
114.26,2,inter_billet_dwell,0.0,18.56,800.0
114.36,2,inter_billet_dwell,0.0,18.61,800.0
114.46,2,inter_billet_dwell,0.0,18.11,800.0
114.56,2,inter_billet_dwell,0.0,21.87,800.0
114.66,2,inter_billet_dwell,0.0,19.27,800.0
114.77,2,inter_billet_dwell,0.0,20.25,800.0
114.87,2,inter_billet_dwell,0.0,19.87,800.0
114.97,2,inter_billet_dwell,0.0,21.46,800.0
115.07,2,inter_billet_dwell,0.0,18.31,800.0
115.17,2,inter_billet_dwell,0.0,17.85,800.0
115.27,2,inter_billet_dwell,0.0,20.45,800.0
115.37,2,inter_billet_dwell,0.0,21.2,800.0
115.47,2,inter_billet_dwell,0.0,20.67,800.0
115.58,2,inter_billet_dwell,0.0,18.38,800.0
115.68,2,inter_billet_dwell,0.0,21.35,800.0
115.78,2,inter_billet_dwell,0.0,18.51,800.0
115.88,2,inter_billet_dwell,0.0,18.96,800.0
115.98,2,inter_billet_dwell,0.0,18.11,800.0
116.08,2,inter_billet_dwell,0.0,22.6,800.0
116.18,2,inter_billet_dwell,0.0,21.27,800.0
116.29,2,inter_billet_dwell,0.0,21.21,800.0
116.39,2,inter_billet_dwell,0.0,22.49,800.0
116.49,2,inter_billet_dwell,0.0,25.63,800.0
116.59,3,decompression,43.15,280.35,0.0
116.7,3,decompression,43.46,255.54,0.0
116.81,3,decompression,42.87,235.16,0.0
116.92,3,decompression,42.31,212.39,0.0
117.03,3,decompression,44.25,193.36,0.0
117.14,3,decompression,41.96,171.48,0.0
117.25,3,decompression,45.84,149.3,0.0
117.36,3,decompression,45.13,131.35,0.0
117.47,3,decompression,46.2,107.49,0.0
117.58,3,decompression,46.27,86.09,0.0
117.7,3,decompression,46.51,61.94,0.0
117.81,3,decompression,44.07,40.17,0.0
117.92,3,decompression,50.3,20.06,0.0
118.02,3,container_shift_open,170.36,61.16,0.0
118.12,3,container_shift_open,174.55,64.37,0.0
118.23,3,container_shift_open,175.04,60.55,0.0
118.33,3,container_shift_open,174.46,60.97,0.0
118.43,3,container_shift_open,172.97,57.84,0.0
118.54,3,container_shift_open,173.65,57.43,0.0
118.64,3,container_shift_open,174.56,63.17,0.0
118.75,3,container_shift_open,175.23,58.15,0.0
118.85,3,container_shift_open,176.51,57.91,0.0
118.96,3,container_shift_open,177.7,59.92,0.0
119.06,3,container_shift_open,174.26,59.82,0.0
119.16,3,container_shift_open,173.86,58.19,0.0
119.27,3,container_shift_open,176.09,59.39,0.0
119.37,3,container_shift_open,176.53,62.46,0.0
119.48,3,container_shift_open,173.91,58.39,0.0
119.58,3,container_shift_open,176.98,57.21,0.0
119.69,3,container_shift_open,177.45,61.89,0.0
119.79,3,container_shift_open,178.23,60.98,0.0
119.9,3,container_shift_open,179.45,58.76,0.0
120.0,3,container_shift_open,172.83,56.84,0.0
120.1,3,container_shift_open,175.03,58.51,0.0
120.21,3,container_shift_open,175.03,59.89,0.0
120.31,3,container_shift_open,174.75,62.33,0.0
120.42,3,container_shift_open,173.38,57.93,0.0
120.52,3,container_shift_open,171.29,59.83,0.0
120.63,3,container_shift_open,175.23,61.35,0.0
120.73,3,container_shift_open,173.08,55.24,0.0
120.83,3,container_shift_open,175.21,62.07,0.0
120.94,3,container_shift_open,173.01,57.64,0.0
121.04,3,container_shift_open,172.25,60.66,0.0
121.15,3,container_shift_open,175.59,60.49,0.0
121.25,3,container_shift_open,175.38,62.17,0.0
121.35,3,shear_stroke,129.06,210.55,0.0
121.46,3,shear_stroke,133.04,210.92,0.0
121.56,3,shear_stroke,135.35,210.73,0.0
121.66,3,shear_stroke,134.51,211.39,0.0
121.77,3,shear_stroke,136.19,214.55,0.0
121.87,3,shear_stroke,136.97,211.94,0.0
121.97,3,shear_stroke,136.52,206.84,0.0
122.08,3,shear_stroke,134.46,210.89,0.0
122.18,3,shear_stroke,130.38,212.28,0.0
122.29,3,shear_stroke,133.86,212.41,0.0
122.39,3,shear_stroke,136.04,209.15,0.0
122.49,3,shear_stroke,132.27,212.33,0.0
122.6,3,shear_stroke,136.58,211.86,0.0
122.7,3,shear_stroke,137.27,215.15,0.0
122.8,3,shear_stroke,135.32,208.5,0.0
122.91,3,shear_stroke,127.34,208.99,0.0
123.01,3,shear_stroke,131.8,209.39,0.0
123.12,3,shear_stroke,139.72,209.02,0.0
123.22,3,shear_stroke,133.63,208.22,0.0
123.32,3,shear_stroke,130.04,204.47,0.0
123.43,3,shear_stroke,138.09,209.13,0.0
123.53,3,shear_stroke,135.03,210.74,0.0
123.63,3,shear_stroke,137.76,209.01,0.0
123.73,3,die_slide_shift,80.03,50.34,0.0
123.84,3,die_slide_shift,83.23,52.0,0.0
123.94,3,die_slide_shift,80.65,48.2,0.0
124.05,3,die_slide_shift,82.07,46.89,0.0
124.15,3,die_slide_shift,80.7,50.52,0.0
124.26,3,die_slide_shift,83.42,49.93,0.0
124.36,3,die_slide_shift,80.14,49.02,0.0
124.47,3,die_slide_shift,81.24,50.17,0.0
124.57,3,die_slide_shift,80.92,55.53,0.0
124.67,3,die_slide_shift,79.28,51.67,0.0
124.78,3,die_slide_shift,81.01,52.1,0.0
124.88,3,die_slide_shift,85.59,51.69,0.0
124.99,3,die_slide_shift,79.32,52.96,0.0
125.09,3,die_slide_shift,81.05,49.62,0.0
125.2,3,die_slide_shift,83.14,45.89,0.0
125.3,3,die_slide_shift,82.85,49.62,0.0
125.41,3,die_slide_shift,80.03,51.62,0.0
125.51,3,die_slide_shift,74.04,48.06,0.0
125.62,3,die_slide_shift,81.29,49.65,0.0
125.72,3,die_slide_shift,74.45,48.62,0.0
125.82,3,die_slide_shift,83.67,53.0,0.0
125.92,3,billet_load_and_seal,161.63,21.08,0.0
126.03,3,billet_load_and_seal,161.55,28.85,0.0
126.13,3,billet_load_and_seal,159.91,26.55,0.0
126.23,3,billet_load_and_seal,160.49,32.93,0.0
126.33,3,billet_load_and_seal,157.04,32.97,0.0
126.44,3,billet_load_and_seal,154.53,34.86,0.0
126.54,3,billet_load_and_seal,160.38,38.73,0.0
126.64,3,billet_load_and_seal,160.81,41.68,0.0
126.74,3,billet_load_and_seal,163.02,43.2,0.0
126.84,3,billet_load_and_seal,163.93,48.1,0.0
126.95,3,billet_load_and_seal,163.92,48.47,0.0
127.05,3,billet_load_and_seal,157.5,53.76,0.0
127.15,3,billet_load_and_seal,159.12,54.79,0.0
127.25,3,billet_load_and_seal,161.2,55.27,0.0
127.36,3,billet_load_and_seal,166.33,57.37,0.0
127.46,3,billet_load_and_seal,163.7,58.24,0.0
127.56,3,billet_load_and_seal,162.8,64.56,0.0
127.66,3,billet_load_and_seal,159.03,65.7,0.0
127.76,3,billet_load_and_seal,157.79,64.1,0.0
127.87,3,billet_load_and_seal,161.97,70.21,0.0
127.97,3,billet_load_and_seal,157.25,71.92,0.0
128.07,3,billet_load_and_seal,159.4,79.31,0.0
128.17,3,billet_load_and_seal,159.71,75.18,0.0
128.28,3,billet_load_and_seal,163.98,78.14,0.0
128.38,3,billet_load_and_seal,159.11,85.68,0.0
128.48,3,billet_load_and_seal,153.9,88.61,0.0
128.58,3,billet_load_and_seal,161.26,86.84,0.0
128.68,3,billet_load_and_seal,158.25,89.51,0.0
128.79,3,billet_load_and_seal,160.11,94.44,0.0
128.89,3,billet_load_and_seal,159.78,90.99,0.0
128.99,3,billet_load_and_seal,159.32,94.35,0.0
129.09,3,billet_load_and_seal,161.98,99.95,0.0
129.2,3,billet_load_and_seal,156.17,106.05,0.0
129.3,3,billet_load_and_seal,158.71,104.51,0.0
129.4,3,billet_load_and_seal,161.71,108.02,0.0
129.5,3,billet_load_and_seal,158.46,112.52,0.0
129.61,3,billet_load_and_seal,155.98,116.91,0.0
129.71,3,billet_load_and_seal,161.67,113.97,0.0
129.81,3,billet_load_and_seal,162.81,117.53,0.0
129.91,3,billet_load_and_seal,159.89,123.64,0.0
130.01,3,main_extrusion_stroke,243.31,183.19,0.0
130.11,3,main_extrusion_stroke,245.41,189.91,2.3
130.21,3,main_extrusion_stroke,260.17,194.55,4.6
130.31,3,main_extrusion_stroke,269.07,194.82,6.9
130.41,3,main_extrusion_stroke,276.49,196.46,9.2
130.51,3,main_extrusion_stroke,286.67,198.83,11.5
130.61,3,main_extrusion_stroke,301.99,201.25,13.8
130.71,3,main_extrusion_stroke,315.15,202.08,16.0
130.81,3,main_extrusion_stroke,320.93,205.19,18.3
130.91,3,main_extrusion_stroke,332.01,214.6,20.6
131.01,3,main_extrusion_stroke,344.29,211.7,22.9
131.11,3,main_extrusion_stroke,348.4,211.98,25.2
131.21,3,main_extrusion_stroke,365.53,215.58,27.5
131.31,3,main_extrusion_stroke,376.13,223.9,29.8
131.41,3,main_extrusion_stroke,393.55,225.07,32.1
131.51,3,main_extrusion_stroke,391.91,227.33,34.4
131.61,3,main_extrusion_stroke,401.86,227.12,36.7
131.71,3,main_extrusion_stroke,417.05,232.69,39.0
131.81,3,main_extrusion_stroke,427.53,231.08,41.3
131.91,3,main_extrusion_stroke,432.39,235.09,43.6
132.01,3,main_extrusion_stroke,443.2,242.05,45.8
132.12,3,main_extrusion_stroke,457.26,244.37,48.1
132.22,3,main_extrusion_stroke,462.07,240.53,50.4
132.32,3,main_extrusion_stroke,474.02,243.63,52.7
132.42,3,main_extrusion_stroke,486.3,249.66,55.0
132.52,3,main_extrusion_stroke,500.2,257.98,57.3
132.62,3,main_extrusion_stroke,504.08,247.89,59.6
132.72,3,main_extrusion_stroke,509.41,258.23,61.9
132.82,3,main_extrusion_stroke,519.4,255.1,64.2
132.92,3,main_extrusion_stroke,532.31,260.35,66.5
133.02,3,main_extrusion_stroke,542.37,263.95,68.8
133.12,3,main_extrusion_stroke,557.29,266.41,71.1
133.22,3,main_extrusion_stroke,563.43,268.67,73.4
133.32,3,main_extrusion_stroke,575.66,273.23,75.6
133.42,3,main_extrusion_stroke,585.65,273.98,77.9
133.52,3,main_extrusion_stroke,596.14,273.4,80.2
133.62,3,main_extrusion_stroke,602.21,283.9,82.5
133.72,3,main_extrusion_stroke,598.58,286.47,84.8
133.82,3,main_extrusion_stroke,595.01,289.44,87.1
133.92,3,main_extrusion_stroke,592.11,283.75,89.4
134.02,3,main_extrusion_stroke,591.24,292.85,91.7
134.12,3,main_extrusion_stroke,593.3,296.83,94.0
134.22,3,main_extrusion_stroke,593.34,293.16,96.3
134.32,3,main_extrusion_stroke,586.39,296.5,98.6
134.42,3,main_extrusion_stroke,589.18,295.77,100.9
134.52,3,main_extrusion_stroke,579.92,302.33,103.2
134.62,3,main_extrusion_stroke,587.91,302.33,105.4
134.72,3,main_extrusion_stroke,589.12,289.47,107.7
134.82,3,main_extrusion_stroke,583.97,303.73,110.0
134.92,3,main_extrusion_stroke,591.37,291.51,112.3
135.02,3,main_extrusion_stroke,579.59,297.85,114.6
135.12,3,main_extrusion_stroke,583.0,297.52,116.9
135.22,3,main_extrusion_stroke,581.0,290.35,119.2
135.32,3,main_extrusion_stroke,579.76,295.26,121.5
135.42,3,main_extrusion_stroke,578.72,292.87,123.8
135.52,3,main_extrusion_stroke,578.62,294.89,126.1
135.62,3,main_extrusion_stroke,580.59,293.46,128.4
135.72,3,main_extrusion_stroke,581.73,296.55,130.7
135.82,3,main_extrusion_stroke,575.22,292.33,133.0
135.92,3,main_extrusion_stroke,577.51,291.19,135.2
136.02,3,main_extrusion_stroke,570.45,295.32,137.5
136.12,3,main_extrusion_stroke,575.34,293.22,139.8
136.22,3,main_extrusion_stroke,568.24,293.46,142.1
136.32,3,main_extrusion_stroke,574.67,288.28,144.4
136.42,3,main_extrusion_stroke,578.16,286.65,146.7
136.52,3,main_extrusion_stroke,567.84,288.03,149.0
136.62,3,main_extrusion_stroke,558.58,287.55,151.3
136.72,3,main_extrusion_stroke,564.17,292.18,153.6
136.82,3,main_extrusion_stroke,570.3,292.55,155.9
136.92,3,main_extrusion_stroke,566.6,288.3,158.2
137.02,3,main_extrusion_stroke,564.4,293.56,160.5
137.12,3,main_extrusion_stroke,566.45,293.05,162.8
137.22,3,main_extrusion_stroke,563.37,288.82,165.0
137.32,3,main_extrusion_stroke,565.32,284.79,167.3
137.42,3,main_extrusion_stroke,563.14,292.89,169.6
137.52,3,main_extrusion_stroke,564.56,286.87,171.9
137.62,3,main_extrusion_stroke,558.92,287.23,174.2
137.72,3,main_extrusion_stroke,560.12,285.31,176.5
137.82,3,main_extrusion_stroke,554.29,283.09,178.8
137.92,3,main_extrusion_stroke,552.13,280.77,181.1
138.02,3,main_extrusion_stroke,560.37,287.83,183.4
138.12,3,main_extrusion_stroke,553.43,282.58,185.7
138.22,3,main_extrusion_stroke,554.79,295.74,188.0
138.33,3,main_extrusion_stroke,551.08,280.94,190.3
138.43,3,main_extrusion_stroke,547.26,280.04,192.6
138.53,3,main_extrusion_stroke,548.66,285.94,194.8
138.63,3,main_extrusion_stroke,553.38,289.21,197.1
138.73,3,main_extrusion_stroke,548.87,283.79,199.4
138.83,3,main_extrusion_stroke,538.81,285.27,201.7
138.93,3,main_extrusion_stroke,543.81,276.52,204.0
139.03,3,main_extrusion_stroke,550.82,280.31,206.3
139.13,3,main_extrusion_stroke,541.85,278.63,208.6
139.23,3,main_extrusion_stroke,534.52,275.46,210.9
139.33,3,main_extrusion_stroke,548.3,282.21,213.2
139.43,3,main_extrusion_stroke,542.48,273.66,215.5
139.53,3,main_extrusion_stroke,538.48,276.59,217.8
139.63,3,main_extrusion_stroke,536.29,279.04,220.1
139.73,3,main_extrusion_stroke,541.12,277.72,222.3
139.83,3,main_extrusion_stroke,533.64,281.72,224.6
139.93,3,main_extrusion_stroke,539.41,281.11,226.9
140.03,3,main_extrusion_stroke,536.0,282.88,229.2
140.13,3,main_extrusion_stroke,533.83,282.09,231.5
140.23,3,main_extrusion_stroke,532.44,283.16,233.8
140.33,3,main_extrusion_stroke,530.18,278.86,236.1
140.43,3,main_extrusion_stroke,534.07,279.64,238.4
140.53,3,main_extrusion_stroke,525.44,280.07,240.7
140.63,3,main_extrusion_stroke,521.43,278.48,243.0
140.73,3,main_extrusion_stroke,529.39,276.31,245.3
140.83,3,main_extrusion_stroke,528.47,276.24,247.6
140.93,3,main_extrusion_stroke,526.88,274.25,249.9
141.03,3,main_extrusion_stroke,525.61,278.29,252.1
141.13,3,main_extrusion_stroke,521.71,276.19,254.4
141.23,3,main_extrusion_stroke,525.15,273.91,256.7
141.33,3,main_extrusion_stroke,520.84,273.62,259.0
141.43,3,main_extrusion_stroke,518.08,271.41,261.3
141.53,3,main_extrusion_stroke,517.8,278.77,263.6
141.63,3,main_extrusion_stroke,526.14,275.33,265.9
141.73,3,main_extrusion_stroke,510.14,271.74,268.2
141.83,3,main_extrusion_stroke,518.09,277.3,270.5
141.93,3,main_extrusion_stroke,508.39,272.21,272.8
142.03,3,main_extrusion_stroke,513.69,268.96,275.1
142.13,3,main_extrusion_stroke,511.4,277.16,277.4
142.23,3,main_extrusion_stroke,503.81,271.42,279.7
142.33,3,main_extrusion_stroke,512.72,271.57,281.9
142.43,3,main_extrusion_stroke,508.66,272.85,284.2
142.53,3,main_extrusion_stroke,500.79,276.41,286.5
142.63,3,main_extrusion_stroke,511.56,272.19,288.8
142.73,3,main_extrusion_stroke,512.96,267.63,291.1
142.83,3,main_extrusion_stroke,512.19,273.44,293.4
142.93,3,main_extrusion_stroke,506.68,269.54,295.7
143.03,3,main_extrusion_stroke,504.45,277.56,298.0
143.13,3,main_extrusion_stroke,508.59,270.65,300.3
143.23,3,main_extrusion_stroke,509.02,262.54,302.6
143.33,3,main_extrusion_stroke,505.84,271.32,304.9
143.43,3,main_extrusion_stroke,496.55,276.58,307.2
143.53,3,main_extrusion_stroke,500.14,275.0,309.5
143.63,3,main_extrusion_stroke,500.11,275.6,311.7
143.73,3,main_extrusion_stroke,490.12,265.33,314.0
143.83,3,main_extrusion_stroke,498.25,271.79,316.3
143.93,3,main_extrusion_stroke,504.48,265.78,318.6
144.03,3,main_extrusion_stroke,496.97,268.8,320.9
144.13,3,main_extrusion_stroke,499.31,263.27,323.2
144.23,3,main_extrusion_stroke,493.17,265.17,325.5
144.33,3,main_extrusion_stroke,491.16,264.77,327.8
144.43,3,main_extrusion_stroke,491.99,269.99,330.1
144.53,3,main_extrusion_stroke,486.21,269.35,332.4
144.64,3,main_extrusion_stroke,484.64,267.22,334.7
144.74,3,main_extrusion_stroke,492.57,261.23,337.0
144.84,3,main_extrusion_stroke,492.01,264.58,339.3
144.94,3,main_extrusion_stroke,481.57,262.76,341.5
145.04,3,main_extrusion_stroke,488.42,268.12,343.8
145.14,3,main_extrusion_stroke,483.22,268.91,346.1
145.24,3,main_extrusion_stroke,483.94,268.19,348.4
145.34,3,main_extrusion_stroke,483.43,261.56,350.7
145.44,3,main_extrusion_stroke,484.58,254.32,353.0
145.54,3,main_extrusion_stroke,479.95,257.43,355.3
145.64,3,main_extrusion_stroke,484.28,268.3,357.6
145.74,3,main_extrusion_stroke,478.89,261.62,359.9
145.84,3,main_extrusion_stroke,479.16,260.11,362.2
145.94,3,main_extrusion_stroke,472.34,268.19,364.5
146.04,3,main_extrusion_stroke,483.33,266.58,366.8
146.14,3,main_extrusion_stroke,475.59,261.94,369.1
146.24,3,main_extrusion_stroke,475.57,260.53,371.3
146.34,3,main_extrusion_stroke,465.3,260.8,373.6
146.44,3,main_extrusion_stroke,467.46,261.77,375.9
146.54,3,main_extrusion_stroke,474.72,266.28,378.2
146.64,3,main_extrusion_stroke,469.93,261.87,380.5
146.74,3,main_extrusion_stroke,460.14,262.63,382.8
146.84,3,main_extrusion_stroke,470.96,263.89,385.1
146.94,3,main_extrusion_stroke,463.65,255.41,387.4
147.04,3,main_extrusion_stroke,470.48,261.86,389.7
147.14,3,main_extrusion_stroke,463.5,257.89,392.0
147.24,3,main_extrusion_stroke,463.68,249.82,394.3
147.34,3,main_extrusion_stroke,466.59,250.88,396.6
147.44,3,main_extrusion_stroke,457.3,254.48,398.9
147.54,3,main_extrusion_stroke,455.94,259.61,401.1
147.64,3,main_extrusion_stroke,458.14,257.85,403.4
147.74,3,main_extrusion_stroke,461.24,257.81,405.7
147.84,3,main_extrusion_stroke,451.63,263.69,408.0
147.94,3,main_extrusion_stroke,449.29,252.13,410.3
148.04,3,main_extrusion_stroke,458.27,256.18,412.6
148.14,3,main_extrusion_stroke,451.58,257.05,414.9
148.24,3,main_extrusion_stroke,451.44,253.12,417.2
148.34,3,main_extrusion_stroke,444.59,255.5,419.5
148.44,3,main_extrusion_stroke,448.32,249.51,421.8
148.54,3,main_extrusion_stroke,450.02,259.75,424.1
148.64,3,main_extrusion_stroke,452.79,252.13,426.4
148.74,3,main_extrusion_stroke,444.99,261.34,428.7
148.84,3,main_extrusion_stroke,453.72,253.82,430.9
148.94,3,main_extrusion_stroke,443.37,257.24,433.2
149.04,3,main_extrusion_stroke,442.39,253.16,435.5
149.14,3,main_extrusion_stroke,450.29,252.94,437.8
149.24,3,main_extrusion_stroke,444.0,250.72,440.1
149.34,3,main_extrusion_stroke,439.96,252.88,442.4
149.44,3,main_extrusion_stroke,440.56,253.29,444.7
149.54,3,main_extrusion_stroke,445.61,249.13,447.0
149.64,3,main_extrusion_stroke,445.07,251.15,449.3
149.74,3,main_extrusion_stroke,434.96,249.16,451.6
149.84,3,main_extrusion_stroke,437.07,259.05,453.9
149.94,3,main_extrusion_stroke,436.61,250.39,456.2
150.04,3,main_extrusion_stroke,431.32,255.82,458.5
150.14,3,main_extrusion_stroke,434.06,249.43,460.7
150.24,3,main_extrusion_stroke,433.32,250.73,463.0
150.34,3,main_extrusion_stroke,436.87,244.91,465.3
150.44,3,main_extrusion_stroke,436.15,247.67,467.6
150.54,3,main_extrusion_stroke,429.02,249.68,469.9
150.64,3,main_extrusion_stroke,428.5,254.2,472.2
150.74,3,main_extrusion_stroke,431.02,249.14,474.5
150.84,3,main_extrusion_stroke,425.04,252.91,476.8
150.95,3,main_extrusion_stroke,428.75,250.01,479.1
151.05,3,main_extrusion_stroke,425.06,253.17,481.4
151.15,3,main_extrusion_stroke,420.55,246.98,483.7
151.25,3,main_extrusion_stroke,419.61,255.26,486.0
151.35,3,main_extrusion_stroke,428.24,244.9,488.3
151.45,3,main_extrusion_stroke,420.84,243.62,490.5
151.55,3,main_extrusion_stroke,427.04,241.78,492.8
151.65,3,main_extrusion_stroke,417.44,253.88,495.1
151.75,3,main_extrusion_stroke,419.67,248.29,497.4
151.85,3,main_extrusion_stroke,427.09,243.96,499.7
151.95,3,main_extrusion_stroke,412.31,249.21,502.0
152.05,3,main_extrusion_stroke,407.96,246.95,504.3
152.15,3,main_extrusion_stroke,419.71,251.13,506.6
152.25,3,main_extrusion_stroke,410.27,238.54,508.9
152.35,3,main_extrusion_stroke,412.51,242.74,511.2
152.45,3,main_extrusion_stroke,409.27,241.75,513.5
152.55,3,main_extrusion_stroke,411.7,236.17,515.8
152.65,3,main_extrusion_stroke,405.84,246.5,518.1
152.75,3,main_extrusion_stroke,407.93,241.54,520.3
152.85,3,main_extrusion_stroke,409.47,244.79,522.6
152.95,3,main_extrusion_stroke,402.65,250.16,524.9
153.05,3,main_extrusion_stroke,402.89,240.37,527.2
153.15,3,main_extrusion_stroke,403.32,239.84,529.5
153.25,3,main_extrusion_stroke,398.01,241.44,531.8
153.35,3,main_extrusion_stroke,401.05,244.19,534.1
153.45,3,main_extrusion_stroke,402.23,238.45,536.4
153.55,3,main_extrusion_stroke,399.17,237.94,538.7
153.65,3,main_extrusion_stroke,398.7,243.55,541.0
153.75,3,main_extrusion_stroke,398.72,240.88,543.3
153.85,3,main_extrusion_stroke,395.19,232.11,545.6
153.95,3,main_extrusion_stroke,399.59,234.68,547.9
154.05,3,main_extrusion_stroke,401.58,243.93,550.1
154.15,3,main_extrusion_stroke,393.0,239.79,552.4
154.25,3,main_extrusion_stroke,395.81,235.42,554.7
154.35,3,main_extrusion_stroke,391.92,237.2,557.0
154.45,3,main_extrusion_stroke,393.36,237.55,559.3
154.55,3,main_extrusion_stroke,397.17,239.79,561.6
154.65,3,main_extrusion_stroke,391.96,232.16,563.9
154.75,3,main_extrusion_stroke,381.85,233.68,566.2
154.85,3,main_extrusion_stroke,389.77,237.29,568.5
154.95,3,main_extrusion_stroke,391.9,235.69,570.8
155.05,3,main_extrusion_stroke,385.1,237.75,573.1
155.15,3,main_extrusion_stroke,388.98,231.15,575.4
155.25,3,main_extrusion_stroke,381.25,236.41,577.7
155.35,3,main_extrusion_stroke,377.08,238.68,579.9
155.45,3,main_extrusion_stroke,382.6,236.27,582.2
155.55,3,main_extrusion_stroke,374.03,234.76,584.5
155.65,3,main_extrusion_stroke,379.11,233.65,586.8
155.75,3,main_extrusion_stroke,384.23,230.77,589.1
155.85,3,main_extrusion_stroke,370.46,233.14,591.4
155.95,3,main_extrusion_stroke,371.99,237.51,593.7
156.05,3,main_extrusion_stroke,372.0,232.39,596.0
156.15,3,main_extrusion_stroke,374.89,229.4,598.3
156.25,3,main_extrusion_stroke,372.69,230.5,600.6
156.35,3,main_extrusion_stroke,378.76,232.63,602.9
156.45,3,main_extrusion_stroke,376.0,230.33,605.2
156.55,3,main_extrusion_stroke,373.18,233.04,607.4
156.65,3,main_extrusion_stroke,370.79,232.88,609.7
156.75,3,main_extrusion_stroke,370.8,233.87,612.0
156.85,3,main_extrusion_stroke,364.79,235.45,614.3
156.95,3,main_extrusion_stroke,370.68,233.66,616.6
157.05,3,main_extrusion_stroke,361.82,226.61,618.9
157.15,3,main_extrusion_stroke,368.62,226.42,621.2
157.26,3,main_extrusion_stroke,369.04,229.02,623.5
157.36,3,main_extrusion_stroke,364.15,227.42,625.8
157.46,3,main_extrusion_stroke,361.62,224.72,628.1
157.56,3,main_extrusion_stroke,362.94,226.86,630.4
157.66,3,main_extrusion_stroke,348.91,226.46,632.7
157.76,3,main_extrusion_stroke,360.58,225.47,635.0
157.86,3,main_extrusion_stroke,357.93,226.42,637.2
157.96,3,main_extrusion_stroke,357.19,231.36,639.5
158.06,3,main_extrusion_stroke,359.24,227.64,641.8
158.16,3,main_extrusion_stroke,355.13,235.3,644.1
158.26,3,main_extrusion_stroke,349.88,226.95,646.4
158.36,3,main_extrusion_stroke,352.89,225.05,648.7
158.46,3,main_extrusion_stroke,352.74,225.78,651.0
158.56,3,main_extrusion_stroke,351.94,226.37,653.3
158.66,3,main_extrusion_stroke,351.15,226.71,655.6
158.76,3,main_extrusion_stroke,353.67,232.16,657.9
158.86,3,main_extrusion_stroke,344.18,221.64,660.2
158.96,3,main_extrusion_stroke,348.24,227.31,662.5
159.06,3,main_extrusion_stroke,351.71,224.74,664.8
159.16,3,main_extrusion_stroke,338.63,218.22,667.0
159.26,3,main_extrusion_stroke,345.3,226.12,669.3
159.36,3,main_extrusion_stroke,341.26,227.57,671.6
159.46,3,main_extrusion_stroke,341.13,219.84,673.9
159.56,3,main_extrusion_stroke,338.01,222.51,676.2
159.66,3,main_extrusion_stroke,339.96,216.21,678.5
159.76,3,main_extrusion_stroke,346.46,217.55,680.8
159.86,3,main_extrusion_stroke,331.44,225.33,683.1
159.96,3,main_extrusion_stroke,329.22,219.74,685.4
160.06,3,main_extrusion_stroke,326.09,217.19,687.7
160.16,3,main_extrusion_stroke,335.61,221.58,690.0
160.26,3,main_extrusion_stroke,324.25,218.66,692.3
160.36,3,main_extrusion_stroke,323.4,218.55,694.6
160.46,3,main_extrusion_stroke,319.29,222.49,696.8
160.56,3,main_extrusion_stroke,314.53,215.54,699.1
160.66,3,main_extrusion_stroke,314.77,216.15,701.4
160.76,3,main_extrusion_stroke,322.94,219.56,703.7
160.86,3,main_extrusion_stroke,316.08,222.12,706.0
160.96,3,main_extrusion_stroke,304.5,222.77,708.3
161.06,3,main_extrusion_stroke,307.91,215.81,710.6
161.16,3,main_extrusion_stroke,299.39,221.13,712.9
161.26,3,main_extrusion_stroke,293.02,214.81,715.2
161.36,3,main_extrusion_stroke,301.6,223.65,717.5
161.46,3,main_extrusion_stroke,299.57,213.0,719.8
161.56,3,main_extrusion_stroke,296.51,221.32,722.1
161.66,3,main_extrusion_stroke,287.85,214.08,724.4
161.76,3,main_extrusion_stroke,286.47,223.13,726.6
161.86,3,main_extrusion_stroke,287.53,217.86,728.9
161.96,3,main_extrusion_stroke,283.5,211.95,731.2
162.06,3,main_extrusion_stroke,277.76,213.38,733.5
162.16,3,main_extrusion_stroke,270.26,217.65,735.8
162.26,3,main_extrusion_stroke,274.6,218.31,738.1
162.36,3,main_extrusion_stroke,275.86,214.08,740.4
162.46,3,main_extrusion_stroke,264.16,214.19,742.7
162.56,3,main_extrusion_stroke,268.9,216.4,745.0
162.66,3,main_extrusion_stroke,265.08,213.91,747.3
162.76,3,main_extrusion_stroke,264.15,208.63,749.6
162.86,3,main_extrusion_stroke,262.04,210.02,751.9
162.96,3,main_extrusion_stroke,253.18,213.39,754.2
163.06,3,main_extrusion_stroke,246.89,216.53,756.4
163.16,3,main_extrusion_stroke,248.63,217.64,758.7
163.26,3,main_extrusion_stroke,251.72,214.42,761.0
163.36,3,main_extrusion_stroke,243.4,212.4,763.3
163.47,3,main_extrusion_stroke,240.19,213.72,765.6
163.57,3,main_extrusion_stroke,233.09,208.47,767.9
163.67,3,main_extrusion_stroke,244.78,209.98,770.2
163.77,3,main_extrusion_stroke,238.48,207.34,772.5
163.87,3,main_extrusion_stroke,235.66,205.56,774.8
163.97,3,main_extrusion_stroke,233.85,210.8,777.1
164.07,3,main_extrusion_stroke,229.69,209.99,779.4
164.17,3,main_extrusion_stroke,223.81,211.45,781.7
164.27,3,main_extrusion_stroke,221.53,210.66,784.0
164.37,3,main_extrusion_stroke,217.88,209.31,786.2
164.47,3,main_extrusion_stroke,227.53,210.12,788.5
164.57,3,main_extrusion_stroke,216.62,207.72,790.8
164.67,3,main_extrusion_stroke,209.94,209.03,793.1
164.77,3,main_extrusion_stroke,211.06,204.75,795.4
164.87,3,main_extrusion_stroke,202.55,208.29,797.7
164.97,3,main_extrusion_stroke,210.02,209.04,800.0
165.07,3,inter_billet_dwell,0.0,20.1,800.0
165.17,3,inter_billet_dwell,0.0,18.75,800.0
165.27,3,inter_billet_dwell,0.0,18.95,800.0
165.37,3,inter_billet_dwell,0.0,17.75,800.0
165.47,3,inter_billet_dwell,0.0,22.53,800.0
165.57,3,inter_billet_dwell,0.0,22.13,800.0
165.67,3,inter_billet_dwell,0.0,21.07,800.0
165.77,3,inter_billet_dwell,0.0,23.94,800.0
165.87,3,inter_billet_dwell,0.0,19.62,800.0
165.98,3,inter_billet_dwell,0.0,26.06,800.0
166.08,3,inter_billet_dwell,0.0,19.54,800.0
166.18,3,inter_billet_dwell,0.0,20.51,800.0
166.28,3,inter_billet_dwell,0.0,19.2,800.0
166.38,3,inter_billet_dwell,0.0,20.74,800.0
166.48,3,inter_billet_dwell,0.0,21.67,800.0
166.58,3,inter_billet_dwell,0.0,19.77,800.0
166.68,3,inter_billet_dwell,0.0,23.55,800.0
166.78,3,inter_billet_dwell,0.0,20.48,800.0
166.88,3,inter_billet_dwell,0.0,20.54,800.0
166.98,3,inter_billet_dwell,0.0,18.18,800.0
167.09,3,inter_billet_dwell,0.0,20.84,800.0
167.19,3,inter_billet_dwell,0.0,19.73,800.0
167.29,3,inter_billet_dwell,0.0,18.78,800.0
167.39,3,inter_billet_dwell,0.0,18.45,800.0
167.49,3,inter_billet_dwell,0.0,25.34,800.0
167.59,3,inter_billet_dwell,0.0,19.47,800.0
167.69,3,inter_billet_dwell,0.0,17.09,800.0
167.79,3,inter_billet_dwell,0.0,18.6,800.0
167.89,3,inter_billet_dwell,0.0,19.9,800.0
167.99,3,inter_billet_dwell,0.0,21.09,800.0
168.09,3,inter_billet_dwell,0.0,21.11,800.0
168.2,3,inter_billet_dwell,0.0,21.35,800.0
168.3,3,inter_billet_dwell,0.0,18.71,800.0
168.4,3,inter_billet_dwell,0.0,20.68,800.0
168.5,3,inter_billet_dwell,0.0,18.25,800.0
168.6,3,inter_billet_dwell,0.0,18.76,800.0
168.7,3,inter_billet_dwell,0.0,18.16,800.0
168.8,3,inter_billet_dwell,0.0,17.62,800.0
168.9,3,inter_billet_dwell,0.0,22.13,800.0
169.0,3,inter_billet_dwell,0.0,21.38,800.0
169.1,3,inter_billet_dwell,0.0,21.95,800.0
169.21,3,inter_billet_dwell,0.0,20.08,800.0
169.31,3,inter_billet_dwell,0.0,21.55,800.0
169.41,3,inter_billet_dwell,0.0,16.48,800.0
169.51,3,inter_billet_dwell,0.0,21.73,800.0
169.61,3,inter_billet_dwell,0.0,20.35,800.0
169.71,3,inter_billet_dwell,0.0,21.25,800.0
169.81,3,inter_billet_dwell,0.0,20.76,800.0
169.91,3,inter_billet_dwell,0.0,18.03,800.0
170.01,3,inter_billet_dwell,0.0,17.0,800.0
170.11,3,inter_billet_dwell,0.0,18.58,800.0
170.21,3,inter_billet_dwell,0.0,21.13,800.0
170.32,3,inter_billet_dwell,0.0,21.38,800.0
170.42,3,inter_billet_dwell,0.0,17.26,800.0
170.52,3,inter_billet_dwell,0.0,18.04,800.0
170.62,3,inter_billet_dwell,0.0,18.55,800.0
170.72,3,inter_billet_dwell,0.0,19.29,800.0
170.82,3,inter_billet_dwell,0.0,17.28,800.0
170.92,3,inter_billet_dwell,0.0,17.16,800.0
171.02,3,inter_billet_dwell,0.0,18.36,800.0
171.12,3,inter_billet_dwell,0.0,20.17,800.0
171.22,3,inter_billet_dwell,0.0,17.64,800.0
171.32,3,inter_billet_dwell,0.0,19.77,800.0
171.43,3,inter_billet_dwell,0.0,22.12,800.0
171.53,3,inter_billet_dwell,0.0,17.4,800.0
171.63,3,inter_billet_dwell,0.0,19.59,800.0
171.73,3,inter_billet_dwell,0.0,22.05,800.0
171.83,3,inter_billet_dwell,0.0,19.16,800.0
171.93,3,inter_billet_dwell,0.0,18.85,800.0
172.03,3,inter_billet_dwell,0.0,22.33,800.0
172.13,3,inter_billet_dwell,0.0,19.39,800.0
172.23,3,inter_billet_dwell,0.0,22.21,800.0
172.33,4,decompression,44.14,282.14,0.0
172.44,4,decompression,46.2,261.56,0.0
172.55,4,decompression,45.8,240.36,0.0
172.66,4,decompression,47.55,221.52,0.0
172.77,4,decompression,43.63,206.1,0.0
172.88,4,decompression,45.1,186.25,0.0
172.99,4,decompression,44.85,167.2,0.0
173.1,4,decompression,46.76,149.91,0.0
173.21,4,decompression,42.44,132.35,0.0
173.32,4,decompression,47.54,110.68,0.0
173.43,4,decompression,46.17,93.61,0.0
173.54,4,decompression,41.71,77.98,0.0
173.66,4,decompression,48.02,55.53,0.0
173.77,4,decompression,50.59,39.88,0.0
173.88,4,decompression,47.5,19.27,0.0
173.98,4,container_shift_open,177.74,58.36,0.0
174.08,4,container_shift_open,176.85,62.16,0.0
174.18,4,container_shift_open,177.27,59.35,0.0
174.29,4,container_shift_open,172.12,59.65,0.0
174.39,4,container_shift_open,177.78,59.25,0.0
174.49,4,container_shift_open,172.87,56.17,0.0
174.6,4,container_shift_open,175.65,57.74,0.0
174.7,4,container_shift_open,175.65,61.92,0.0
174.8,4,container_shift_open,176.21,55.78,0.0
174.91,4,container_shift_open,175.84,58.47,0.0
175.01,4,container_shift_open,172.89,59.2,0.0
175.11,4,container_shift_open,171.63,63.49,0.0
175.22,4,container_shift_open,177.18,61.54,0.0
175.32,4,container_shift_open,175.46,58.89,0.0
175.42,4,container_shift_open,177.87,62.61,0.0
175.53,4,container_shift_open,174.89,58.52,0.0
175.63,4,container_shift_open,171.49,62.02,0.0
175.73,4,container_shift_open,177.42,57.28,0.0
175.84,4,container_shift_open,174.07,62.15,0.0
175.94,4,container_shift_open,175.86,59.19,0.0
176.04,4,container_shift_open,173.38,57.94,0.0
176.15,4,container_shift_open,179.11,59.57,0.0
176.25,4,container_shift_open,172.81,60.55,0.0
176.35,4,container_shift_open,174.16,59.01,0.0
176.46,4,container_shift_open,175.27,61.11,0.0
176.56,4,container_shift_open,172.27,58.83,0.0
176.66,4,container_shift_open,175.83,61.24,0.0
176.77,4,container_shift_open,179.03,60.88,0.0
176.87,4,container_shift_open,173.77,59.88,0.0
176.97,4,container_shift_open,175.99,59.12,0.0
177.08,4,container_shift_open,168.13,60.3,0.0
177.18,4,container_shift_open,174.9,61.1,0.0
177.28,4,container_shift_open,174.22,64.12,0.0
177.38,4,shear_stroke,137.44,211.17,0.0
177.49,4,shear_stroke,142.72,210.13,0.0
177.6,4,shear_stroke,136.29,208.65,0.0
177.7,4,shear_stroke,136.21,209.48,0.0
177.81,4,shear_stroke,136.76,210.04,0.0
177.92,4,shear_stroke,132.48,209.93,0.0
178.02,4,shear_stroke,133.89,206.23,0.0
178.13,4,shear_stroke,133.73,209.21,0.0
178.24,4,shear_stroke,136.62,210.11,0.0
178.34,4,shear_stroke,134.56,209.44,0.0
178.45,4,shear_stroke,135.35,209.51,0.0
178.56,4,shear_stroke,137.72,210.98,0.0
178.66,4,shear_stroke,137.16,207.84,0.0
178.77,4,shear_stroke,134.6,206.74,0.0
178.87,4,shear_stroke,133.33,209.3,0.0
178.98,4,shear_stroke,137.84,211.53,0.0
179.09,4,shear_stroke,136.93,213.38,0.0
179.19,4,shear_stroke,130.98,211.56,0.0
179.3,4,shear_stroke,134.22,207.06,0.0
179.41,4,shear_stroke,135.41,209.54,0.0
179.51,4,shear_stroke,136.95,210.51,0.0
179.62,4,shear_stroke,137.28,210.36,0.0
179.73,4,shear_stroke,135.71,211.08,0.0
179.83,4,die_slide_shift,80.16,49.43,0.0
179.93,4,die_slide_shift,81.05,50.61,0.0
180.03,4,die_slide_shift,82.06,50.25,0.0
180.14,4,die_slide_shift,77.99,49.49,0.0
180.24,4,die_slide_shift,79.14,46.93,0.0
180.35,4,die_slide_shift,73.24,47.05,0.0
180.45,4,die_slide_shift,78.45,48.83,0.0
180.55,4,die_slide_shift,78.69,49.98,0.0
180.66,4,die_slide_shift,77.45,48.78,0.0
180.76,4,die_slide_shift,80.41,51.25,0.0
180.86,4,die_slide_shift,79.86,49.44,0.0
180.97,4,die_slide_shift,74.35,48.07,0.0
181.07,4,die_slide_shift,80.54,49.44,0.0
181.18,4,die_slide_shift,77.68,50.45,0.0
181.28,4,die_slide_shift,81.21,50.65,0.0
181.38,4,die_slide_shift,76.8,53.76,0.0
181.49,4,die_slide_shift,80.08,48.66,0.0
181.59,4,billet_load_and_seal,161.07,23.04,0.0
181.69,4,billet_load_and_seal,159.94,33.2,0.0
181.79,4,billet_load_and_seal,158.75,30.89,0.0
181.89,4,billet_load_and_seal,156.13,33.46,0.0
182.0,4,billet_load_and_seal,158.72,36.32,0.0
182.1,4,billet_load_and_seal,157.32,41.59,0.0
182.2,4,billet_load_and_seal,155.68,41.99,0.0
182.3,4,billet_load_and_seal,158.01,39.76,0.0
182.41,4,billet_load_and_seal,157.38,48.35,0.0
182.51,4,billet_load_and_seal,161.46,47.43,0.0
182.61,4,billet_load_and_seal,161.5,50.89,0.0
182.71,4,billet_load_and_seal,157.74,50.68,0.0
182.81,4,billet_load_and_seal,159.35,56.86,0.0
182.92,4,billet_load_and_seal,155.35,57.08,0.0
183.02,4,billet_load_and_seal,158.76,61.15,0.0
183.12,4,billet_load_and_seal,161.0,62.95,0.0
183.22,4,billet_load_and_seal,162.06,69.93,0.0
183.33,4,billet_load_and_seal,158.22,72.61,0.0
183.43,4,billet_load_and_seal,162.63,71.31,0.0
183.53,4,billet_load_and_seal,156.21,73.91,0.0
183.63,4,billet_load_and_seal,156.88,75.6,0.0
183.73,4,billet_load_and_seal,161.77,81.13,0.0
183.84,4,billet_load_and_seal,164.18,80.83,0.0
183.94,4,billet_load_and_seal,161.23,83.21,0.0
184.04,4,billet_load_and_seal,159.9,88.58,0.0
184.14,4,billet_load_and_seal,154.51,88.11,0.0
184.25,4,billet_load_and_seal,154.94,91.68,0.0
184.35,4,billet_load_and_seal,160.32,91.16,0.0
184.45,4,billet_load_and_seal,159.1,98.3,0.0
184.55,4,billet_load_and_seal,157.24,103.34,0.0
184.65,4,billet_load_and_seal,160.16,103.47,0.0
184.76,4,billet_load_and_seal,160.29,107.52,0.0
184.86,4,billet_load_and_seal,162.36,105.47,0.0
184.96,4,billet_load_and_seal,160.34,110.2,0.0
185.06,4,billet_load_and_seal,163.07,110.41,0.0
185.17,4,billet_load_and_seal,160.02,114.41,0.0
185.27,4,billet_load_and_seal,159.71,118.98,0.0
185.37,4,billet_load_and_seal,162.66,120.2,0.0
185.47,4,main_extrusion_stroke,233.94,189.52,0.0
185.57,4,main_extrusion_stroke,243.9,185.58,2.3
185.67,4,main_extrusion_stroke,261.61,190.57,4.6
185.77,4,main_extrusion_stroke,278.12,194.07,6.8
185.87,4,main_extrusion_stroke,285.54,201.53,9.1
185.97,4,main_extrusion_stroke,282.73,197.66,11.4
186.07,4,main_extrusion_stroke,306.22,204.71,13.7
186.17,4,main_extrusion_stroke,314.5,208.31,16.0
186.27,4,main_extrusion_stroke,314.8,206.42,18.2
186.37,4,main_extrusion_stroke,329.99,208.54,20.5
186.47,4,main_extrusion_stroke,345.8,210.77,22.8
186.57,4,main_extrusion_stroke,353.85,213.67,25.1
186.67,4,main_extrusion_stroke,356.63,220.2,27.4
186.77,4,main_extrusion_stroke,374.53,220.66,29.6
186.87,4,main_extrusion_stroke,373.76,223.32,31.9
186.97,4,main_extrusion_stroke,391.64,221.2,34.2
187.07,4,main_extrusion_stroke,407.31,224.39,36.5
187.17,4,main_extrusion_stroke,413.05,237.92,38.7
187.27,4,main_extrusion_stroke,421.2,232.44,41.0
187.37,4,main_extrusion_stroke,436.98,232.99,43.3
187.47,4,main_extrusion_stroke,447.54,243.36,45.6
187.57,4,main_extrusion_stroke,459.11,241.98,47.9
187.67,4,main_extrusion_stroke,467.59,245.66,50.1
187.77,4,main_extrusion_stroke,478.64,245.79,52.4
187.87,4,main_extrusion_stroke,487.46,247.8,54.7
187.97,4,main_extrusion_stroke,495.82,250.97,57.0
188.08,4,main_extrusion_stroke,505.34,249.36,59.3
188.18,4,main_extrusion_stroke,514.25,256.54,61.5
188.28,4,main_extrusion_stroke,520.57,260.52,63.8
188.38,4,main_extrusion_stroke,531.82,268.61,66.1
188.48,4,main_extrusion_stroke,544.74,265.07,68.4
188.58,4,main_extrusion_stroke,557.05,259.25,70.7
188.68,4,main_extrusion_stroke,572.07,269.73,72.9
188.78,4,main_extrusion_stroke,576.37,282.29,75.2
188.88,4,main_extrusion_stroke,590.77,278.38,77.5
188.98,4,main_extrusion_stroke,601.3,275.15,79.8
189.08,4,main_extrusion_stroke,596.19,282.7,82.1
189.18,4,main_extrusion_stroke,598.52,280.67,84.3
189.28,4,main_extrusion_stroke,594.18,281.17,86.6
189.38,4,main_extrusion_stroke,599.47,287.34,88.9
189.48,4,main_extrusion_stroke,595.74,291.52,91.2
189.58,4,main_extrusion_stroke,587.46,287.29,93.4
189.68,4,main_extrusion_stroke,591.88,292.46,95.7
189.78,4,main_extrusion_stroke,596.85,296.58,98.0
189.88,4,main_extrusion_stroke,588.55,294.82,100.3
189.98,4,main_extrusion_stroke,590.09,297.34,102.6
190.08,4,main_extrusion_stroke,589.5,291.42,104.8
190.18,4,main_extrusion_stroke,582.19,297.88,107.1
190.28,4,main_extrusion_stroke,587.4,290.94,109.4
190.38,4,main_extrusion_stroke,578.8,300.54,111.7
190.48,4,main_extrusion_stroke,580.89,288.5,114.0
190.58,4,main_extrusion_stroke,586.72,290.39,116.2
190.68,4,main_extrusion_stroke,582.86,295.38,118.5
190.78,4,main_extrusion_stroke,579.24,299.45,120.8
190.88,4,main_extrusion_stroke,581.26,294.44,123.1
190.98,4,main_extrusion_stroke,578.26,295.01,125.4
191.08,4,main_extrusion_stroke,577.57,292.81,127.6
191.18,4,main_extrusion_stroke,579.16,288.87,129.9
191.28,4,main_extrusion_stroke,572.65,290.45,132.2
191.38,4,main_extrusion_stroke,574.74,287.63,134.5
191.48,4,main_extrusion_stroke,572.35,287.11,136.8
191.58,4,main_extrusion_stroke,566.27,292.7,139.0
191.68,4,main_extrusion_stroke,567.95,287.07,141.3
191.78,4,main_extrusion_stroke,576.93,291.83,143.6
191.88,4,main_extrusion_stroke,571.22,285.86,145.9
191.98,4,main_extrusion_stroke,563.4,291.16,148.1
192.08,4,main_extrusion_stroke,561.55,288.12,150.4
192.18,4,main_extrusion_stroke,566.29,294.47,152.7
192.28,4,main_extrusion_stroke,572.0,290.38,155.0
192.38,4,main_extrusion_stroke,564.03,293.28,157.3
192.48,4,main_extrusion_stroke,569.02,286.02,159.5
192.58,4,main_extrusion_stroke,564.22,288.57,161.8
192.68,4,main_extrusion_stroke,563.72,284.65,164.1
192.79,4,main_extrusion_stroke,555.51,286.34,166.4
192.89,4,main_extrusion_stroke,563.63,286.58,168.7
192.99,4,main_extrusion_stroke,557.56,284.67,170.9
193.09,4,main_extrusion_stroke,561.37,282.66,173.2
193.19,4,main_extrusion_stroke,553.68,281.68,175.5
193.29,4,main_extrusion_stroke,556.66,278.14,177.8
193.39,4,main_extrusion_stroke,556.38,282.34,180.1
193.49,4,main_extrusion_stroke,553.38,287.95,182.3
193.59,4,main_extrusion_stroke,554.63,279.86,184.6
193.69,4,main_extrusion_stroke,550.97,280.38,186.9
193.79,4,main_extrusion_stroke,548.46,291.14,189.2
193.89,4,main_extrusion_stroke,556.5,282.36,191.5
193.99,4,main_extrusion_stroke,553.29,285.42,193.7
194.09,4,main_extrusion_stroke,545.07,286.25,196.0
194.19,4,main_extrusion_stroke,549.41,286.03,198.3
194.29,4,main_extrusion_stroke,543.18,278.09,200.6
194.39,4,main_extrusion_stroke,540.44,282.32,202.8
194.49,4,main_extrusion_stroke,548.33,277.17,205.1
194.59,4,main_extrusion_stroke,536.4,291.1,207.4
194.69,4,main_extrusion_stroke,545.94,276.67,209.7
194.79,4,main_extrusion_stroke,540.24,278.29,212.0
194.89,4,main_extrusion_stroke,539.43,278.02,214.2
194.99,4,main_extrusion_stroke,540.93,276.14,216.5
195.09,4,main_extrusion_stroke,540.64,285.82,218.8
195.19,4,main_extrusion_stroke,534.03,289.27,221.1
195.29,4,main_extrusion_stroke,539.23,278.83,223.4
195.39,4,main_extrusion_stroke,535.83,275.59,225.6
195.49,4,main_extrusion_stroke,529.37,272.09,227.9
195.59,4,main_extrusion_stroke,532.73,278.77,230.2
195.69,4,main_extrusion_stroke,537.96,278.23,232.5
195.79,4,main_extrusion_stroke,538.16,276.76,234.8
195.89,4,main_extrusion_stroke,533.34,279.52,237.0
195.99,4,main_extrusion_stroke,524.73,279.84,239.3
196.09,4,main_extrusion_stroke,530.48,279.3,241.6
196.19,4,main_extrusion_stroke,530.94,276.77,243.9
196.29,4,main_extrusion_stroke,529.46,273.73,246.2
196.39,4,main_extrusion_stroke,528.71,279.62,248.4
196.49,4,main_extrusion_stroke,526.05,277.04,250.7
196.59,4,main_extrusion_stroke,523.32,279.82,253.0
196.69,4,main_extrusion_stroke,520.2,279.18,255.3
196.79,4,main_extrusion_stroke,514.06,271.15,257.5
196.89,4,main_extrusion_stroke,522.03,270.81,259.8
196.99,4,main_extrusion_stroke,520.44,272.9,262.1
197.09,4,main_extrusion_stroke,520.94,271.55,264.4
197.19,4,main_extrusion_stroke,512.38,277.6,266.7
197.29,4,main_extrusion_stroke,519.33,275.9,268.9
197.39,4,main_extrusion_stroke,523.99,278.22,271.2
197.5,4,main_extrusion_stroke,515.11,275.47,273.5
197.6,4,main_extrusion_stroke,513.57,274.52,275.8
197.7,4,main_extrusion_stroke,514.07,277.7,278.1
197.8,4,main_extrusion_stroke,519.98,274.85,280.3
197.9,4,main_extrusion_stroke,506.78,273.15,282.6
198.0,4,main_extrusion_stroke,510.71,277.81,284.9
198.1,4,main_extrusion_stroke,505.71,272.74,287.2
198.2,4,main_extrusion_stroke,505.74,270.98,289.5
198.3,4,main_extrusion_stroke,506.75,268.82,291.7
198.4,4,main_extrusion_stroke,511.36,273.92,294.0
198.5,4,main_extrusion_stroke,512.2,275.5,296.3
198.6,4,main_extrusion_stroke,505.81,270.7,298.6
198.7,4,main_extrusion_stroke,501.53,275.16,300.9
198.8,4,main_extrusion_stroke,512.02,263.4,303.1
198.9,4,main_extrusion_stroke,499.36,269.8,305.4
199.0,4,main_extrusion_stroke,497.81,269.57,307.7
199.1,4,main_extrusion_stroke,492.01,266.87,310.0
199.2,4,main_extrusion_stroke,503.72,277.47,312.3
199.3,4,main_extrusion_stroke,501.03,268.6,314.5
199.4,4,main_extrusion_stroke,505.84,267.11,316.8
199.5,4,main_extrusion_stroke,489.63,268.34,319.1
199.6,4,main_extrusion_stroke,500.04,260.95,321.4
199.7,4,main_extrusion_stroke,493.51,265.01,323.6
199.8,4,main_extrusion_stroke,495.48,270.81,325.9
199.9,4,main_extrusion_stroke,484.68,264.88,328.2
200.0,4,main_extrusion_stroke,496.16,263.89,330.5
200.1,4,main_extrusion_stroke,492.46,271.08,332.8
200.2,4,main_extrusion_stroke,488.18,270.9,335.0
200.3,4,main_extrusion_stroke,489.93,267.72,337.3
200.4,4,main_extrusion_stroke,483.31,264.03,339.6
200.5,4,main_extrusion_stroke,483.07,264.49,341.9
200.6,4,main_extrusion_stroke,482.56,262.23,344.2
200.7,4,main_extrusion_stroke,476.02,261.27,346.4
200.8,4,main_extrusion_stroke,485.9,260.8,348.7
200.9,4,main_extrusion_stroke,486.24,262.0,351.0
201.0,4,main_extrusion_stroke,477.69,260.25,353.3
201.1,4,main_extrusion_stroke,480.9,258.11,355.6
201.2,4,main_extrusion_stroke,477.47,264.06,357.8
201.3,4,main_extrusion_stroke,478.86,263.82,360.1
201.4,4,main_extrusion_stroke,474.06,268.66,362.4
201.5,4,main_extrusion_stroke,472.06,260.08,364.7
201.6,4,main_extrusion_stroke,478.82,263.16,367.0
201.7,4,main_extrusion_stroke,473.38,262.93,369.2
201.8,4,main_extrusion_stroke,480.74,260.65,371.5
201.9,4,main_extrusion_stroke,471.86,263.85,373.8
202.0,4,main_extrusion_stroke,466.99,263.67,376.1
202.1,4,main_extrusion_stroke,474.62,261.81,378.3
202.21,4,main_extrusion_stroke,471.25,259.48,380.6
202.31,4,main_extrusion_stroke,470.66,258.83,382.9
202.41,4,main_extrusion_stroke,471.53,255.0,385.2
202.51,4,main_extrusion_stroke,463.18,256.68,387.5
202.61,4,main_extrusion_stroke,464.3,257.03,389.7
202.71,4,main_extrusion_stroke,463.14,254.98,392.0
202.81,4,main_extrusion_stroke,457.69,260.16,394.3
202.91,4,main_extrusion_stroke,460.82,262.52,396.6
203.01,4,main_extrusion_stroke,466.24,254.86,398.9
203.11,4,main_extrusion_stroke,460.86,258.74,401.1
203.21,4,main_extrusion_stroke,453.55,253.84,403.4
203.31,4,main_extrusion_stroke,451.73,256.1,405.7
203.41,4,main_extrusion_stroke,463.63,254.46,408.0
203.51,4,main_extrusion_stroke,455.63,258.69,410.3
203.61,4,main_extrusion_stroke,452.42,253.91,412.5
203.71,4,main_extrusion_stroke,452.93,259.54,414.8
203.81,4,main_extrusion_stroke,447.14,254.85,417.1
203.91,4,main_extrusion_stroke,457.76,253.14,419.4
204.01,4,main_extrusion_stroke,449.52,250.74,421.7
204.11,4,main_extrusion_stroke,455.58,255.72,423.9
204.21,4,main_extrusion_stroke,449.34,257.67,426.2
204.31,4,main_extrusion_stroke,453.87,255.2,428.5
204.41,4,main_extrusion_stroke,448.2,261.79,430.8
204.51,4,main_extrusion_stroke,449.6,258.67,433.0
204.61,4,main_extrusion_stroke,448.09,252.3,435.3
204.71,4,main_extrusion_stroke,446.72,251.97,437.6
204.81,4,main_extrusion_stroke,444.64,254.43,439.9
204.91,4,main_extrusion_stroke,441.34,249.56,442.2
205.01,4,main_extrusion_stroke,448.95,256.29,444.4
205.11,4,main_extrusion_stroke,436.68,253.18,446.7
205.21,4,main_extrusion_stroke,439.35,252.52,449.0
205.31,4,main_extrusion_stroke,438.41,253.73,451.3
205.41,4,main_extrusion_stroke,438.98,257.07,453.6
205.51,4,main_extrusion_stroke,434.67,251.34,455.8
205.61,4,main_extrusion_stroke,436.67,250.06,458.1
205.71,4,main_extrusion_stroke,433.75,255.44,460.4
205.81,4,main_extrusion_stroke,427.12,253.26,462.7
205.91,4,main_extrusion_stroke,432.51,248.46,465.0
206.01,4,main_extrusion_stroke,427.09,249.31,467.2
206.11,4,main_extrusion_stroke,423.57,249.68,469.5
206.21,4,main_extrusion_stroke,430.08,249.97,471.8
206.31,4,main_extrusion_stroke,430.5,243.66,474.1
206.41,4,main_extrusion_stroke,429.67,242.72,476.4
206.51,4,main_extrusion_stroke,428.86,244.72,478.6
206.61,4,main_extrusion_stroke,417.88,244.16,480.9
206.71,4,main_extrusion_stroke,419.18,244.99,483.2
206.81,4,main_extrusion_stroke,431.54,249.18,485.5
206.92,4,main_extrusion_stroke,418.48,246.07,487.7
207.02,4,main_extrusion_stroke,424.13,247.06,490.0
207.12,4,main_extrusion_stroke,417.96,241.79,492.3
207.22,4,main_extrusion_stroke,420.05,244.17,494.6
207.32,4,main_extrusion_stroke,416.21,247.55,496.9
207.42,4,main_extrusion_stroke,420.01,247.29,499.1
207.52,4,main_extrusion_stroke,417.33,242.38,501.4
207.62,4,main_extrusion_stroke,414.01,245.19,503.7
207.72,4,main_extrusion_stroke,410.63,252.03,506.0
207.82,4,main_extrusion_stroke,414.92,243.98,508.3
207.92,4,main_extrusion_stroke,408.02,241.32,510.5
208.02,4,main_extrusion_stroke,413.6,242.85,512.8
208.12,4,main_extrusion_stroke,421.41,243.49,515.1
208.22,4,main_extrusion_stroke,415.33,242.34,517.4
208.32,4,main_extrusion_stroke,411.82,242.47,519.7
208.42,4,main_extrusion_stroke,407.62,237.24,521.9
208.52,4,main_extrusion_stroke,399.23,238.63,524.2
208.62,4,main_extrusion_stroke,400.72,241.18,526.5
208.72,4,main_extrusion_stroke,410.16,240.83,528.8
208.82,4,main_extrusion_stroke,400.89,239.14,531.1
208.92,4,main_extrusion_stroke,400.27,240.21,533.3
209.02,4,main_extrusion_stroke,401.42,240.75,535.6
209.12,4,main_extrusion_stroke,396.86,243.36,537.9
209.22,4,main_extrusion_stroke,395.22,239.61,540.2
209.32,4,main_extrusion_stroke,398.94,241.06,542.5
209.42,4,main_extrusion_stroke,394.6,237.47,544.7
209.52,4,main_extrusion_stroke,394.22,241.08,547.0
209.62,4,main_extrusion_stroke,393.08,240.1,549.3
209.72,4,main_extrusion_stroke,397.32,241.53,551.6
209.82,4,main_extrusion_stroke,393.32,240.7,553.8
209.92,4,main_extrusion_stroke,392.55,239.97,556.1
210.02,4,main_extrusion_stroke,394.67,237.28,558.4
210.12,4,main_extrusion_stroke,390.74,238.19,560.7
210.22,4,main_extrusion_stroke,389.21,240.76,563.0
210.32,4,main_extrusion_stroke,391.23,234.46,565.2
210.42,4,main_extrusion_stroke,391.04,234.25,567.5
210.52,4,main_extrusion_stroke,386.8,236.8,569.8
210.62,4,main_extrusion_stroke,386.73,237.32,572.1
210.72,4,main_extrusion_stroke,382.3,232.69,574.4
210.82,4,main_extrusion_stroke,381.0,235.02,576.6
210.92,4,main_extrusion_stroke,386.54,234.67,578.9
211.02,4,main_extrusion_stroke,384.27,226.95,581.2
211.12,4,main_extrusion_stroke,383.33,233.64,583.5
211.22,4,main_extrusion_stroke,381.65,233.57,585.8
211.32,4,main_extrusion_stroke,379.73,233.27,588.0
211.42,4,main_extrusion_stroke,381.35,238.49,590.3
211.52,4,main_extrusion_stroke,381.33,228.99,592.6
211.63,4,main_extrusion_stroke,380.25,230.07,594.9
211.73,4,main_extrusion_stroke,375.22,223.52,597.2
211.83,4,main_extrusion_stroke,380.19,230.69,599.4
211.93,4,main_extrusion_stroke,374.58,230.69,601.7
212.03,4,main_extrusion_stroke,375.21,230.0,604.0
212.13,4,main_extrusion_stroke,372.83,235.37,606.3
212.23,4,main_extrusion_stroke,371.71,234.21,608.5
212.33,4,main_extrusion_stroke,366.8,231.18,610.8
212.43,4,main_extrusion_stroke,371.57,229.32,613.1
212.53,4,main_extrusion_stroke,379.17,233.92,615.4
212.63,4,main_extrusion_stroke,365.31,229.97,617.7
212.73,4,main_extrusion_stroke,366.11,226.88,619.9
212.83,4,main_extrusion_stroke,363.06,223.45,622.2
212.93,4,main_extrusion_stroke,361.91,227.62,624.5
213.03,4,main_extrusion_stroke,369.06,231.51,626.8
213.13,4,main_extrusion_stroke,359.21,236.55,629.1
213.23,4,main_extrusion_stroke,359.03,228.5,631.3
213.33,4,main_extrusion_stroke,353.59,225.32,633.6
213.43,4,main_extrusion_stroke,355.93,223.55,635.9
213.53,4,main_extrusion_stroke,351.15,229.34,638.2
213.63,4,main_extrusion_stroke,359.53,220.94,640.5
213.73,4,main_extrusion_stroke,367.22,228.75,642.7
213.83,4,main_extrusion_stroke,353.58,229.4,645.0
213.93,4,main_extrusion_stroke,347.4,227.77,647.3
214.03,4,main_extrusion_stroke,356.68,225.18,649.6
214.13,4,main_extrusion_stroke,349.2,227.64,651.9
214.23,4,main_extrusion_stroke,356.32,225.97,654.1
214.33,4,main_extrusion_stroke,349.02,222.35,656.4
214.43,4,main_extrusion_stroke,346.64,231.26,658.7
214.53,4,main_extrusion_stroke,347.47,223.26,661.0
214.63,4,main_extrusion_stroke,350.23,226.92,663.2
214.73,4,main_extrusion_stroke,345.31,215.45,665.5
214.83,4,main_extrusion_stroke,343.26,228.09,667.8
214.93,4,main_extrusion_stroke,343.47,228.47,670.1
215.03,4,main_extrusion_stroke,338.2,223.14,672.4
215.13,4,main_extrusion_stroke,343.89,224.7,674.6
215.23,4,main_extrusion_stroke,334.18,224.41,676.9
215.33,4,main_extrusion_stroke,338.57,219.91,679.2
215.43,4,main_extrusion_stroke,341.36,223.78,681.5
215.53,4,main_extrusion_stroke,336.95,218.75,683.8
215.63,4,main_extrusion_stroke,335.52,219.15,686.0
215.73,4,main_extrusion_stroke,330.31,224.94,688.3
215.83,4,main_extrusion_stroke,332.67,224.11,690.6
215.93,4,main_extrusion_stroke,329.1,217.94,692.9
216.03,4,main_extrusion_stroke,324.61,217.55,695.2
216.13,4,main_extrusion_stroke,323.95,217.57,697.4
216.23,4,main_extrusion_stroke,320.66,222.1,699.7
216.34,4,main_extrusion_stroke,313.32,215.74,702.0
216.44,4,main_extrusion_stroke,307.11,220.2,704.3
216.54,4,main_extrusion_stroke,311.59,221.27,706.6
216.64,4,main_extrusion_stroke,309.51,218.06,708.8
216.74,4,main_extrusion_stroke,309.1,221.61,711.1
216.84,4,main_extrusion_stroke,298.41,216.72,713.4
216.94,4,main_extrusion_stroke,295.95,216.74,715.7
217.04,4,main_extrusion_stroke,298.83,213.78,717.9
217.14,4,main_extrusion_stroke,294.12,220.47,720.2
217.24,4,main_extrusion_stroke,284.28,213.93,722.5
217.34,4,main_extrusion_stroke,290.74,217.55,724.8
217.44,4,main_extrusion_stroke,279.25,215.78,727.1
217.54,4,main_extrusion_stroke,280.29,212.06,729.3
217.64,4,main_extrusion_stroke,286.9,213.32,731.6
217.74,4,main_extrusion_stroke,286.21,220.0,733.9
217.84,4,main_extrusion_stroke,271.46,215.57,736.2
217.94,4,main_extrusion_stroke,272.43,211.04,738.5
218.04,4,main_extrusion_stroke,271.33,215.35,740.7
218.14,4,main_extrusion_stroke,275.7,213.48,743.0
218.24,4,main_extrusion_stroke,264.02,225.79,745.3
218.34,4,main_extrusion_stroke,261.5,214.41,747.6
218.44,4,main_extrusion_stroke,267.02,211.79,749.9
218.54,4,main_extrusion_stroke,256.75,217.8,752.1
218.64,4,main_extrusion_stroke,258.55,206.09,754.4
218.74,4,main_extrusion_stroke,247.17,212.57,756.7
218.84,4,main_extrusion_stroke,249.81,218.93,759.0
218.94,4,main_extrusion_stroke,241.27,211.25,761.3
219.04,4,main_extrusion_stroke,241.11,205.3,763.5
219.14,4,main_extrusion_stroke,246.1,209.69,765.8
219.24,4,main_extrusion_stroke,239.96,215.87,768.1
219.34,4,main_extrusion_stroke,236.3,211.81,770.4
219.44,4,main_extrusion_stroke,232.0,207.26,772.6
219.54,4,main_extrusion_stroke,231.53,207.51,774.9
219.64,4,main_extrusion_stroke,231.04,207.66,777.2
219.74,4,main_extrusion_stroke,231.18,210.59,779.5
219.84,4,main_extrusion_stroke,214.16,213.72,781.8
219.94,4,main_extrusion_stroke,218.75,212.43,784.0
220.04,4,main_extrusion_stroke,220.13,210.05,786.3
220.14,4,main_extrusion_stroke,216.52,203.5,788.6
220.24,4,main_extrusion_stroke,215.95,203.22,790.9
220.34,4,main_extrusion_stroke,212.82,209.44,793.2
220.44,4,main_extrusion_stroke,207.95,202.57,795.4
220.54,4,main_extrusion_stroke,204.48,206.2,797.7
220.64,4,main_extrusion_stroke,203.02,207.76,800.0
220.74,4,inter_billet_dwell,0.0,17.95,800.0
220.85,4,inter_billet_dwell,0.0,19.81,800.0
220.95,4,inter_billet_dwell,0.0,21.01,800.0
221.05,4,inter_billet_dwell,0.0,22.12,800.0
221.15,4,inter_billet_dwell,0.0,21.21,800.0
221.25,4,inter_billet_dwell,0.0,20.15,800.0
221.36,4,inter_billet_dwell,0.0,18.51,800.0
221.46,4,inter_billet_dwell,0.0,17.86,800.0
221.56,4,inter_billet_dwell,0.0,18.98,800.0
221.66,4,inter_billet_dwell,0.0,20.82,800.0
221.76,4,inter_billet_dwell,0.0,20.67,800.0
221.87,4,inter_billet_dwell,0.0,15.8,800.0
221.97,4,inter_billet_dwell,0.0,18.43,800.0
222.07,4,inter_billet_dwell,0.0,22.41,800.0
222.17,4,inter_billet_dwell,0.0,20.16,800.0
222.27,4,inter_billet_dwell,0.0,17.17,800.0
222.38,4,inter_billet_dwell,0.0,24.71,800.0
222.48,4,inter_billet_dwell,0.0,19.94,800.0
222.58,4,inter_billet_dwell,0.0,20.77,800.0
222.68,4,inter_billet_dwell,0.0,20.8,800.0
222.78,4,inter_billet_dwell,0.0,19.26,800.0
222.88,4,inter_billet_dwell,0.0,18.54,800.0
222.99,4,inter_billet_dwell,0.0,24.24,800.0
223.09,4,inter_billet_dwell,0.0,22.01,800.0
223.19,4,inter_billet_dwell,0.0,21.64,800.0
223.29,4,inter_billet_dwell,0.0,21.15,800.0
223.39,4,inter_billet_dwell,0.0,17.99,800.0
223.5,4,inter_billet_dwell,0.0,22.56,800.0
223.6,4,inter_billet_dwell,0.0,18.31,800.0
223.7,4,inter_billet_dwell,0.0,20.57,800.0
223.8,4,inter_billet_dwell,0.0,16.72,800.0
223.9,4,inter_billet_dwell,0.0,15.92,800.0
224.01,4,inter_billet_dwell,0.0,20.64,800.0
224.11,4,inter_billet_dwell,0.0,18.38,800.0
224.21,4,inter_billet_dwell,0.0,16.02,800.0
224.31,4,inter_billet_dwell,0.0,21.08,800.0
224.41,4,inter_billet_dwell,0.0,24.24,800.0
224.52,4,inter_billet_dwell,0.0,22.78,800.0
224.62,4,inter_billet_dwell,0.0,19.49,800.0
224.72,4,inter_billet_dwell,0.0,20.02,800.0
224.82,4,inter_billet_dwell,0.0,21.78,800.0
224.92,4,inter_billet_dwell,0.0,22.24,800.0
225.03,4,inter_billet_dwell,0.0,19.31,800.0
225.13,4,inter_billet_dwell,0.0,20.07,800.0
225.23,4,inter_billet_dwell,0.0,20.6,800.0
225.33,4,inter_billet_dwell,0.0,21.11,800.0
225.43,4,inter_billet_dwell,0.0,19.73,800.0
225.54,4,inter_billet_dwell,0.0,19.76,800.0
225.64,4,inter_billet_dwell,0.0,22.76,800.0
225.74,4,inter_billet_dwell,0.0,22.42,800.0
225.84,4,inter_billet_dwell,0.0,20.95,800.0
225.94,4,inter_billet_dwell,0.0,23.44,800.0
226.04,4,inter_billet_dwell,0.0,19.23,800.0
226.15,4,inter_billet_dwell,0.0,23.25,800.0
226.25,4,inter_billet_dwell,0.0,21.09,800.0
226.35,4,inter_billet_dwell,0.0,26.54,800.0
226.45,4,inter_billet_dwell,0.0,17.62,800.0
226.55,4,inter_billet_dwell,0.0,18.62,800.0
226.66,4,inter_billet_dwell,0.0,20.84,800.0
226.76,4,inter_billet_dwell,0.0,20.79,800.0
226.86,4,inter_billet_dwell,0.0,23.9,800.0
226.96,4,inter_billet_dwell,0.0,18.66,800.0
227.06,4,inter_billet_dwell,0.0,21.81,800.0
227.17,4,inter_billet_dwell,0.0,22.32,800.0
227.27,4,inter_billet_dwell,0.0,21.41,800.0
227.37,4,inter_billet_dwell,0.0,18.08,800.0
227.47,4,inter_billet_dwell,0.0,22.82,800.0
227.57,4,inter_billet_dwell,0.0,22.46,800.0
227.68,4,inter_billet_dwell,0.0,21.2,800.0
227.78,5,decompression,45.57,280.72,0.0
227.88,5,decompression,44.8,258.67,0.0
227.99,5,decompression,46.6,241.67,0.0
228.1,5,decompression,45.08,225.76,0.0
228.21,5,decompression,42.88,203.11,0.0
228.32,5,decompression,42.38,188.82,0.0
228.43,5,decompression,43.12,170.84,0.0
228.54,5,decompression,45.56,149.45,0.0
228.64,5,decompression,44.93,131.87,0.0
228.75,5,decompression,45.54,114.54,0.0
228.86,5,decompression,46.25,93.59,0.0
228.97,5,decompression,43.43,77.02,0.0
229.08,5,decompression,48.66,56.14,0.0
229.19,5,decompression,44.33,37.86,0.0
229.3,5,decompression,43.92,18.8,0.0
229.4,5,container_shift_open,177.89,62.19,0.0
229.5,5,container_shift_open,174.54,58.56,0.0
229.6,5,container_shift_open,171.82,58.81,0.0
229.7,5,container_shift_open,172.29,60.02,0.0
229.8,5,container_shift_open,175.99,60.0,0.0
229.91,5,container_shift_open,179.61,60.52,0.0
230.01,5,container_shift_open,175.98,64.18,0.0
230.11,5,container_shift_open,174.03,60.67,0.0
230.21,5,container_shift_open,176.92,55.24,0.0
230.32,5,container_shift_open,174.4,60.65,0.0
230.42,5,container_shift_open,174.05,60.08,0.0
230.52,5,container_shift_open,172.6,60.09,0.0
230.62,5,container_shift_open,178.52,60.49,0.0
230.72,5,container_shift_open,168.65,59.94,0.0
230.83,5,container_shift_open,176.99,59.89,0.0
230.93,5,container_shift_open,173.84,61.23,0.0
231.03,5,container_shift_open,173.97,58.92,0.0
231.13,5,container_shift_open,179.23,58.1,0.0
231.23,5,container_shift_open,173.21,66.05,0.0
231.34,5,container_shift_open,173.3,58.57,0.0
231.44,5,container_shift_open,174.67,60.2,0.0
231.54,5,container_shift_open,176.03,57.01,0.0
231.64,5,container_shift_open,173.9,60.23,0.0
231.75,5,container_shift_open,171.07,58.13,0.0
231.85,5,container_shift_open,172.84,59.12,0.0
231.95,5,container_shift_open,178.2,62.09,0.0
232.05,5,container_shift_open,175.19,60.94,0.0
232.15,5,container_shift_open,176.13,61.14,0.0
232.26,5,container_shift_open,174.35,56.46,0.0
232.36,5,container_shift_open,173.35,63.67,0.0
232.46,5,container_shift_open,179.19,57.62,0.0
232.56,5,container_shift_open,174.53,63.06,0.0
232.66,5,container_shift_open,173.89,62.04,0.0
232.76,5,shear_stroke,132.86,209.1,0.0
232.87,5,shear_stroke,135.38,213.91,0.0
232.97,5,shear_stroke,133.82,210.7,0.0
233.08,5,shear_stroke,135.07,210.68,0.0
233.18,5,shear_stroke,134.38,209.26,0.0
233.28,5,shear_stroke,129.9,208.81,0.0
233.39,5,shear_stroke,137.8,205.63,0.0
233.49,5,shear_stroke,134.8,211.94,0.0
233.6,5,shear_stroke,133.79,210.9,0.0
233.7,5,shear_stroke,133.6,209.64,0.0
233.8,5,shear_stroke,135.9,209.73,0.0
233.91,5,shear_stroke,132.77,211.47,0.0
234.01,5,shear_stroke,129.36,206.89,0.0
234.12,5,shear_stroke,136.02,208.82,0.0
234.22,5,shear_stroke,136.3,207.73,0.0
234.32,5,shear_stroke,134.5,213.54,0.0
234.43,5,shear_stroke,132.13,211.75,0.0
234.53,5,shear_stroke,135.22,205.59,0.0
234.64,5,shear_stroke,131.34,206.97,0.0
234.74,5,shear_stroke,132.43,209.74,0.0
234.84,5,shear_stroke,133.12,209.06,0.0
234.95,5,shear_stroke,137.11,207.35,0.0
235.05,5,shear_stroke,134.09,213.89,0.0
235.15,5,die_slide_shift,81.19,49.9,0.0
235.26,5,die_slide_shift,78.27,49.07,0.0
235.37,5,die_slide_shift,81.81,48.63,0.0
235.48,5,die_slide_shift,79.05,53.09,0.0
235.59,5,die_slide_shift,79.29,49.84,0.0
235.69,5,die_slide_shift,81.53,52.54,0.0
235.8,5,die_slide_shift,75.93,48.93,0.0
235.91,5,die_slide_shift,83.99,50.49,0.0
236.02,5,die_slide_shift,80.46,49.89,0.0
236.13,5,die_slide_shift,83.2,46.6,0.0
236.24,5,die_slide_shift,77.31,52.86,0.0
236.35,5,die_slide_shift,77.69,49.73,0.0
236.45,5,die_slide_shift,77.1,51.49,0.0
236.56,5,die_slide_shift,80.63,48.5,0.0
236.67,5,die_slide_shift,80.16,49.67,0.0
236.78,5,die_slide_shift,78.84,48.27,0.0
236.89,5,die_slide_shift,77.46,52.47,0.0
237.0,5,die_slide_shift,76.83,50.62,0.0
237.1,5,billet_load_and_seal,163.4,23.85,0.0
237.2,5,billet_load_and_seal,162.89,27.92,0.0
237.3,5,billet_load_and_seal,161.91,30.76,0.0
237.41,5,billet_load_and_seal,156.45,32.39,0.0
237.51,5,billet_load_and_seal,158.26,37.17,0.0
237.61,5,billet_load_and_seal,157.49,36.27,0.0
237.71,5,billet_load_and_seal,161.82,41.97,0.0
237.81,5,billet_load_and_seal,160.43,43.58,0.0
237.92,5,billet_load_and_seal,156.52,44.98,0.0
238.02,5,billet_load_and_seal,159.53,46.87,0.0
238.12,5,billet_load_and_seal,156.26,54.85,0.0
238.22,5,billet_load_and_seal,159.87,50.87,0.0
238.33,5,billet_load_and_seal,155.86,55.6,0.0
238.43,5,billet_load_and_seal,161.32,56.0,0.0
238.53,5,billet_load_and_seal,160.94,63.57,0.0
238.63,5,billet_load_and_seal,164.77,64.27,0.0
238.74,5,billet_load_and_seal,162.12,63.64,0.0
238.84,5,billet_load_and_seal,158.94,68.53,0.0
238.94,5,billet_load_and_seal,162.05,70.52,0.0
239.04,5,billet_load_and_seal,156.51,71.47,0.0
239.15,5,billet_load_and_seal,157.59,76.52,0.0
239.25,5,billet_load_and_seal,160.83,78.28,0.0
239.35,5,billet_load_and_seal,154.6,80.43,0.0
239.45,5,billet_load_and_seal,159.91,82.42,0.0
239.56,5,billet_load_and_seal,157.45,85.86,0.0
239.66,5,billet_load_and_seal,160.25,87.96,0.0
239.76,5,billet_load_and_seal,157.31,90.12,0.0
239.86,5,billet_load_and_seal,161.06,91.22,0.0
239.97,5,billet_load_and_seal,160.05,98.39,0.0
240.07,5,billet_load_and_seal,163.5,95.4,0.0
240.17,5,billet_load_and_seal,160.02,100.86,0.0
240.27,5,billet_load_and_seal,158.08,101.86,0.0
240.38,5,billet_load_and_seal,159.38,108.52,0.0
240.48,5,billet_load_and_seal,156.64,105.69,0.0
240.58,5,billet_load_and_seal,161.02,108.53,0.0
240.68,5,billet_load_and_seal,161.47,110.56,0.0
240.78,5,billet_load_and_seal,166.17,115.65,0.0
240.89,5,billet_load_and_seal,158.45,114.75,0.0
240.99,5,billet_load_and_seal,159.33,119.04,0.0
241.09,5,main_extrusion_stroke,240.16,182.93,0.0
241.19,5,main_extrusion_stroke,247.88,181.21,2.4
241.29,5,main_extrusion_stroke,254.6,187.46,4.8
241.39,5,main_extrusion_stroke,275.58,197.98,7.1
241.49,5,main_extrusion_stroke,276.68,197.95,9.5
241.59,5,main_extrusion_stroke,295.78,199.96,11.9
241.69,5,main_extrusion_stroke,300.47,198.55,14.3
241.79,5,main_extrusion_stroke,320.36,199.45,16.7
241.89,5,main_extrusion_stroke,327.63,203.6,19.0
241.99,5,main_extrusion_stroke,331.27,210.19,21.4
242.09,5,main_extrusion_stroke,342.32,216.14,23.8
242.19,5,main_extrusion_stroke,359.09,219.02,26.2
242.29,5,main_extrusion_stroke,366.29,220.83,28.6
242.39,5,main_extrusion_stroke,377.34,218.8,31.0
242.49,5,main_extrusion_stroke,393.79,224.23,33.3
242.59,5,main_extrusion_stroke,396.38,225.78,35.7
242.69,5,main_extrusion_stroke,410.42,228.96,38.1
242.79,5,main_extrusion_stroke,424.55,239.56,40.5
242.89,5,main_extrusion_stroke,434.65,229.02,42.9
243.0,5,main_extrusion_stroke,441.45,237.13,45.2
243.1,5,main_extrusion_stroke,451.62,244.95,47.6
243.2,5,main_extrusion_stroke,456.49,238.34,50.0
243.3,5,main_extrusion_stroke,469.9,243.98,52.4
243.4,5,main_extrusion_stroke,486.08,247.14,54.8
243.5,5,main_extrusion_stroke,494.93,250.97,57.1
243.6,5,main_extrusion_stroke,506.46,248.92,59.5
243.7,5,main_extrusion_stroke,521.0,259.35,61.9
243.8,5,main_extrusion_stroke,522.77,262.36,64.3
243.9,5,main_extrusion_stroke,537.26,264.57,66.7
244.0,5,main_extrusion_stroke,549.63,262.51,69.0
244.1,5,main_extrusion_stroke,556.74,268.62,71.4
244.2,5,main_extrusion_stroke,575.96,267.92,73.8
244.3,5,main_extrusion_stroke,584.55,272.67,76.2
244.4,5,main_extrusion_stroke,592.75,284.13,78.6
244.5,5,main_extrusion_stroke,604.77,279.69,81.0
244.6,5,main_extrusion_stroke,590.57,277.96,83.3
244.7,5,main_extrusion_stroke,595.51,285.51,85.7
244.8,5,main_extrusion_stroke,595.98,282.9,88.1
244.9,5,main_extrusion_stroke,589.84,286.2,90.5
245.0,5,main_extrusion_stroke,593.67,289.51,92.9
245.1,5,main_extrusion_stroke,587.02,294.36,95.2
245.2,5,main_extrusion_stroke,593.19,299.87,97.6
245.3,5,main_extrusion_stroke,593.63,298.31,100.0
245.4,5,main_extrusion_stroke,589.47,297.81,102.4
245.5,5,main_extrusion_stroke,579.94,291.83,104.8
245.6,5,main_extrusion_stroke,582.46,293.48,107.1
245.7,5,main_extrusion_stroke,587.56,296.02,109.5
245.8,5,main_extrusion_stroke,584.37,292.57,111.9
245.9,5,main_extrusion_stroke,572.48,293.49,114.3
246.0,5,main_extrusion_stroke,587.2,295.7,116.7
246.1,5,main_extrusion_stroke,581.76,292.63,119.0
246.2,5,main_extrusion_stroke,576.91,294.34,121.4
246.3,5,main_extrusion_stroke,583.14,298.82,123.8
246.4,5,main_extrusion_stroke,575.43,292.33,126.2
246.51,5,main_extrusion_stroke,574.36,296.76,128.6
246.61,5,main_extrusion_stroke,577.52,294.28,131.0
246.71,5,main_extrusion_stroke,582.19,286.89,133.3
246.81,5,main_extrusion_stroke,580.54,287.86,135.7
246.91,5,main_extrusion_stroke,574.46,288.49,138.1
247.01,5,main_extrusion_stroke,573.84,288.12,140.5
247.11,5,main_extrusion_stroke,574.14,290.49,142.9
247.21,5,main_extrusion_stroke,564.92,292.65,145.2
247.31,5,main_extrusion_stroke,571.5,294.59,147.6
247.41,5,main_extrusion_stroke,564.96,290.97,150.0
247.51,5,main_extrusion_stroke,568.15,288.02,152.4
247.61,5,main_extrusion_stroke,564.94,281.99,154.8
247.71,5,main_extrusion_stroke,566.83,289.22,157.1
247.81,5,main_extrusion_stroke,564.28,288.76,159.5
247.91,5,main_extrusion_stroke,550.49,289.01,161.9
248.01,5,main_extrusion_stroke,562.47,295.43,164.3
248.11,5,main_extrusion_stroke,563.3,292.1,166.7
248.21,5,main_extrusion_stroke,561.49,290.2,169.0
248.31,5,main_extrusion_stroke,558.28,283.78,171.4
248.41,5,main_extrusion_stroke,564.23,285.05,173.8
248.51,5,main_extrusion_stroke,557.88,286.21,176.2
248.61,5,main_extrusion_stroke,557.36,283.52,178.6
248.71,5,main_extrusion_stroke,558.77,287.68,181.0
248.81,5,main_extrusion_stroke,555.02,286.87,183.3
248.91,5,main_extrusion_stroke,548.95,281.51,185.7
249.01,5,main_extrusion_stroke,541.77,289.2,188.1
249.11,5,main_extrusion_stroke,548.59,285.07,190.5
249.21,5,main_extrusion_stroke,552.52,278.35,192.9
249.31,5,main_extrusion_stroke,547.04,283.92,195.2
249.41,5,main_extrusion_stroke,550.63,284.78,197.6
249.51,5,main_extrusion_stroke,546.99,286.89,200.0
249.61,5,main_extrusion_stroke,550.53,282.0,202.4
249.71,5,main_extrusion_stroke,543.17,285.78,204.8
249.81,5,main_extrusion_stroke,545.2,283.23,207.1
249.91,5,main_extrusion_stroke,544.33,277.67,209.5
250.01,5,main_extrusion_stroke,547.29,277.01,211.9
250.12,5,main_extrusion_stroke,533.43,285.59,214.3
250.22,5,main_extrusion_stroke,537.4,285.54,216.7
250.32,5,main_extrusion_stroke,541.6,282.18,219.0
250.42,5,main_extrusion_stroke,543.37,285.98,221.4
250.52,5,main_extrusion_stroke,537.12,284.14,223.8
250.62,5,main_extrusion_stroke,533.97,282.53,226.2
250.72,5,main_extrusion_stroke,537.14,276.64,228.6
250.82,5,main_extrusion_stroke,536.57,285.59,231.0
250.92,5,main_extrusion_stroke,530.63,281.1,233.3
251.02,5,main_extrusion_stroke,532.36,277.57,235.7
251.12,5,main_extrusion_stroke,534.74,276.28,238.1
251.22,5,main_extrusion_stroke,536.56,279.21,240.5
251.32,5,main_extrusion_stroke,530.94,272.16,242.9
251.42,5,main_extrusion_stroke,527.12,280.15,245.2
251.52,5,main_extrusion_stroke,525.71,274.06,247.6
251.62,5,main_extrusion_stroke,527.13,278.39,250.0
251.72,5,main_extrusion_stroke,523.41,274.96,252.4
251.82,5,main_extrusion_stroke,523.61,275.56,254.8
251.92,5,main_extrusion_stroke,517.6,273.53,257.1
252.02,5,main_extrusion_stroke,525.99,275.31,259.5
252.12,5,main_extrusion_stroke,515.22,282.18,261.9
252.22,5,main_extrusion_stroke,517.03,280.11,264.3
252.32,5,main_extrusion_stroke,518.12,276.2,266.7
252.42,5,main_extrusion_stroke,524.67,274.56,269.0
252.52,5,main_extrusion_stroke,513.99,277.3,271.4
252.62,5,main_extrusion_stroke,512.0,278.0,273.8
252.72,5,main_extrusion_stroke,511.43,270.83,276.2
252.82,5,main_extrusion_stroke,519.25,273.16,278.6
252.92,5,main_extrusion_stroke,500.34,266.75,281.0
253.02,5,main_extrusion_stroke,506.56,276.76,283.3
253.12,5,main_extrusion_stroke,520.47,279.75,285.7
253.22,5,main_extrusion_stroke,510.88,272.5,288.1
253.32,5,main_extrusion_stroke,503.07,264.47,290.5
253.42,5,main_extrusion_stroke,506.3,273.74,292.9
253.52,5,main_extrusion_stroke,505.72,268.14,295.2
253.63,5,main_extrusion_stroke,507.81,268.67,297.6
253.73,5,main_extrusion_stroke,510.76,272.88,300.0
253.83,5,main_extrusion_stroke,503.93,271.28,302.4
253.93,5,main_extrusion_stroke,499.19,268.37,304.8
254.03,5,main_extrusion_stroke,503.48,267.5,307.1
254.13,5,main_extrusion_stroke,496.51,269.91,309.5
254.23,5,main_extrusion_stroke,494.15,267.73,311.9
254.33,5,main_extrusion_stroke,490.22,264.98,314.3
254.43,5,main_extrusion_stroke,489.97,267.39,316.7
254.53,5,main_extrusion_stroke,491.62,269.44,319.0
254.63,5,main_extrusion_stroke,489.47,267.33,321.4
254.73,5,main_extrusion_stroke,494.41,262.7,323.8
254.83,5,main_extrusion_stroke,487.34,270.8,326.2
254.93,5,main_extrusion_stroke,478.54,257.45,328.6
255.03,5,main_extrusion_stroke,485.91,265.17,331.0
255.13,5,main_extrusion_stroke,487.18,264.25,333.3
255.23,5,main_extrusion_stroke,485.62,266.64,335.7
255.33,5,main_extrusion_stroke,493.1,267.78,338.1
255.43,5,main_extrusion_stroke,483.54,269.45,340.5
255.53,5,main_extrusion_stroke,488.5,262.71,342.9
255.63,5,main_extrusion_stroke,483.87,266.95,345.2
255.73,5,main_extrusion_stroke,482.75,265.28,347.6
255.83,5,main_extrusion_stroke,478.56,258.3,350.0
255.93,5,main_extrusion_stroke,480.64,270.64,352.4
256.03,5,main_extrusion_stroke,476.79,258.65,354.8
256.13,5,main_extrusion_stroke,479.51,264.85,357.1
256.23,5,main_extrusion_stroke,476.86,264.44,359.5
256.33,5,main_extrusion_stroke,473.0,263.73,361.9
256.43,5,main_extrusion_stroke,479.72,260.73,364.3
256.53,5,main_extrusion_stroke,476.44,265.05,366.7
256.63,5,main_extrusion_stroke,471.92,256.39,369.0
256.73,5,main_extrusion_stroke,473.27,261.32,371.4
256.83,5,main_extrusion_stroke,471.33,259.27,373.8
256.93,5,main_extrusion_stroke,467.17,258.57,376.2
257.03,5,main_extrusion_stroke,469.9,262.14,378.6
257.14,5,main_extrusion_stroke,466.11,264.1,381.0
257.24,5,main_extrusion_stroke,463.79,258.82,383.3
257.34,5,main_extrusion_stroke,460.05,262.45,385.7
257.44,5,main_extrusion_stroke,464.08,259.59,388.1
257.54,5,main_extrusion_stroke,466.76,255.99,390.5
257.64,5,main_extrusion_stroke,460.69,257.9,392.9
257.74,5,main_extrusion_stroke,472.53,257.45,395.2
257.84,5,main_extrusion_stroke,464.97,255.76,397.6
257.94,5,main_extrusion_stroke,465.62,259.39,400.0
258.04,5,main_extrusion_stroke,462.56,258.41,402.4
258.14,5,main_extrusion_stroke,465.76,251.72,404.8
258.24,5,main_extrusion_stroke,454.18,251.2,407.1
258.34,5,main_extrusion_stroke,446.06,258.16,409.5
258.44,5,main_extrusion_stroke,453.5,253.52,411.9
258.54,5,main_extrusion_stroke,456.49,257.12,414.3
258.64,5,main_extrusion_stroke,453.84,258.49,416.7
258.74,5,main_extrusion_stroke,453.31,251.01,419.0
258.84,5,main_extrusion_stroke,456.47,250.21,421.4
258.94,5,main_extrusion_stroke,451.69,260.71,423.8
259.04,5,main_extrusion_stroke,452.33,255.77,426.2
259.14,5,main_extrusion_stroke,444.36,252.77,428.6
259.24,5,main_extrusion_stroke,442.71,250.66,431.0
259.34,5,main_extrusion_stroke,452.52,251.84,433.3
259.44,5,main_extrusion_stroke,445.45,249.16,435.7
259.54,5,main_extrusion_stroke,441.53,256.11,438.1
259.64,5,main_extrusion_stroke,440.51,249.99,440.5
259.74,5,main_extrusion_stroke,439.37,256.24,442.9
259.84,5,main_extrusion_stroke,438.11,250.7,445.2
259.94,5,main_extrusion_stroke,434.79,248.15,447.6
260.04,5,main_extrusion_stroke,432.9,250.0,450.0
260.14,5,main_extrusion_stroke,437.1,242.0,452.4
260.24,5,main_extrusion_stroke,434.48,250.46,454.8
260.34,5,main_extrusion_stroke,440.26,249.98,457.1
260.44,5,main_extrusion_stroke,435.98,253.16,459.5
260.54,5,main_extrusion_stroke,434.84,243.37,461.9
260.65,5,main_extrusion_stroke,429.78,253.73,464.3
260.75,5,main_extrusion_stroke,431.25,252.23,466.7
260.85,5,main_extrusion_stroke,432.15,253.44,469.0
260.95,5,main_extrusion_stroke,432.55,248.57,471.4
261.05,5,main_extrusion_stroke,428.29,252.0,473.8
261.15,5,main_extrusion_stroke,431.95,242.99,476.2
261.25,5,main_extrusion_stroke,426.65,250.33,478.6
261.35,5,main_extrusion_stroke,428.76,244.83,481.0
261.45,5,main_extrusion_stroke,422.61,241.45,483.3
261.55,5,main_extrusion_stroke,416.29,242.99,485.7
261.65,5,main_extrusion_stroke,423.59,246.64,488.1
261.75,5,main_extrusion_stroke,424.4,243.43,490.5
261.85,5,main_extrusion_stroke,422.77,247.33,492.9
261.95,5,main_extrusion_stroke,421.14,239.38,495.2
262.05,5,main_extrusion_stroke,417.03,237.95,497.6
262.15,5,main_extrusion_stroke,414.17,249.9,500.0
262.25,5,main_extrusion_stroke,418.58,247.95,502.4
262.35,5,main_extrusion_stroke,417.06,240.81,504.8
262.45,5,main_extrusion_stroke,412.08,244.17,507.1
262.55,5,main_extrusion_stroke,417.74,247.44,509.5
262.65,5,main_extrusion_stroke,408.75,245.04,511.9
262.75,5,main_extrusion_stroke,408.92,243.79,514.3
262.85,5,main_extrusion_stroke,416.78,246.79,516.7
262.95,5,main_extrusion_stroke,412.68,240.1,519.0
263.05,5,main_extrusion_stroke,406.75,242.46,521.4
263.15,5,main_extrusion_stroke,408.31,241.99,523.8
263.25,5,main_extrusion_stroke,406.76,240.79,526.2
263.35,5,main_extrusion_stroke,394.13,240.07,528.6
263.45,5,main_extrusion_stroke,400.46,241.39,531.0
263.55,5,main_extrusion_stroke,402.86,240.95,533.3
263.65,5,main_extrusion_stroke,400.62,236.85,535.7
263.75,5,main_extrusion_stroke,402.01,243.03,538.1
263.85,5,main_extrusion_stroke,404.51,236.5,540.5
263.95,5,main_extrusion_stroke,397.69,238.85,542.9
264.05,5,main_extrusion_stroke,393.72,238.27,545.2
264.15,5,main_extrusion_stroke,398.22,240.25,547.6
264.26,5,main_extrusion_stroke,394.59,231.28,550.0
264.36,5,main_extrusion_stroke,394.25,241.51,552.4
264.46,5,main_extrusion_stroke,392.69,235.72,554.8
264.56,5,main_extrusion_stroke,401.8,242.05,557.1
264.66,5,main_extrusion_stroke,382.84,235.8,559.5
264.76,5,main_extrusion_stroke,389.23,237.0,561.9
264.86,5,main_extrusion_stroke,389.74,243.57,564.3
264.96,5,main_extrusion_stroke,385.61,235.59,566.7
265.06,5,main_extrusion_stroke,391.31,240.59,569.0
265.16,5,main_extrusion_stroke,389.94,236.09,571.4
265.26,5,main_extrusion_stroke,385.47,237.1,573.8
265.36,5,main_extrusion_stroke,383.56,235.59,576.2
265.46,5,main_extrusion_stroke,383.17,238.01,578.6
265.56,5,main_extrusion_stroke,382.17,232.34,581.0
265.66,5,main_extrusion_stroke,381.25,230.99,583.3
265.76,5,main_extrusion_stroke,379.79,231.89,585.7
265.86,5,main_extrusion_stroke,380.53,234.17,588.1
265.96,5,main_extrusion_stroke,381.51,232.74,590.5
266.06,5,main_extrusion_stroke,372.55,235.7,592.9
266.16,5,main_extrusion_stroke,372.24,237.47,595.2
266.26,5,main_extrusion_stroke,368.43,229.19,597.6
266.36,5,main_extrusion_stroke,377.87,229.73,600.0
266.46,5,main_extrusion_stroke,374.38,226.97,602.4
266.56,5,main_extrusion_stroke,374.37,238.79,604.8
266.66,5,main_extrusion_stroke,365.61,232.45,607.1
266.76,5,main_extrusion_stroke,377.44,232.76,609.5
266.86,5,main_extrusion_stroke,366.85,226.08,611.9
266.96,5,main_extrusion_stroke,368.93,230.46,614.3
267.06,5,main_extrusion_stroke,370.65,231.95,616.7
267.16,5,main_extrusion_stroke,362.26,228.97,619.0
267.26,5,main_extrusion_stroke,363.0,233.32,621.4
267.36,5,main_extrusion_stroke,364.88,237.34,623.8
267.46,5,main_extrusion_stroke,374.57,225.63,626.2
267.56,5,main_extrusion_stroke,363.32,225.06,628.6
267.66,5,main_extrusion_stroke,367.52,225.26,631.0
267.77,5,main_extrusion_stroke,364.89,233.65,633.3
267.87,5,main_extrusion_stroke,360.51,231.37,635.7
267.97,5,main_extrusion_stroke,354.06,226.95,638.1
268.07,5,main_extrusion_stroke,361.23,227.24,640.5
268.17,5,main_extrusion_stroke,349.98,223.95,642.9
268.27,5,main_extrusion_stroke,361.35,229.62,645.2
268.37,5,main_extrusion_stroke,354.72,224.87,647.6
268.47,5,main_extrusion_stroke,342.3,224.99,650.0
268.57,5,main_extrusion_stroke,350.51,227.72,652.4
268.67,5,main_extrusion_stroke,353.47,224.63,654.8
268.77,5,main_extrusion_stroke,348.88,224.16,657.1
268.87,5,main_extrusion_stroke,351.66,224.72,659.5
268.97,5,main_extrusion_stroke,344.38,227.16,661.9
269.07,5,main_extrusion_stroke,341.53,229.83,664.3
269.17,5,main_extrusion_stroke,345.45,225.81,666.7
269.27,5,main_extrusion_stroke,344.84,226.27,669.0
269.37,5,main_extrusion_stroke,342.29,222.46,671.4
269.47,5,main_extrusion_stroke,347.57,220.37,673.8
269.57,5,main_extrusion_stroke,338.24,224.83,676.2
269.67,5,main_extrusion_stroke,341.87,222.84,678.6
269.77,5,main_extrusion_stroke,339.19,216.96,681.0
269.87,5,main_extrusion_stroke,330.0,220.48,683.3
269.97,5,main_extrusion_stroke,328.25,221.04,685.7
270.07,5,main_extrusion_stroke,330.87,219.24,688.1
270.17,5,main_extrusion_stroke,336.05,225.9,690.5
270.27,5,main_extrusion_stroke,327.75,222.09,692.9
270.37,5,main_extrusion_stroke,315.83,224.91,695.2
270.47,5,main_extrusion_stroke,307.59,220.73,697.6
270.57,5,main_extrusion_stroke,320.27,219.78,700.0
270.67,5,main_extrusion_stroke,314.25,215.92,702.4
270.77,5,main_extrusion_stroke,316.5,218.93,704.8
270.87,5,main_extrusion_stroke,305.72,218.63,707.1
270.97,5,main_extrusion_stroke,307.94,213.49,709.5
271.07,5,main_extrusion_stroke,307.23,216.09,711.9
271.17,5,main_extrusion_stroke,299.35,216.54,714.3
271.28,5,main_extrusion_stroke,296.74,218.81,716.7
271.38,5,main_extrusion_stroke,295.85,218.68,719.0
271.48,5,main_extrusion_stroke,295.22,214.72,721.4
271.58,5,main_extrusion_stroke,290.29,218.09,723.8
271.68,5,main_extrusion_stroke,291.55,215.51,726.2
271.78,5,main_extrusion_stroke,283.1,205.8,728.6
271.88,5,main_extrusion_stroke,276.94,213.84,731.0
271.98,5,main_extrusion_stroke,287.46,219.01,733.3
272.08,5,main_extrusion_stroke,274.44,209.04,735.7
272.18,5,main_extrusion_stroke,271.88,215.02,738.1
272.28,5,main_extrusion_stroke,271.2,219.87,740.5
272.38,5,main_extrusion_stroke,269.03,211.35,742.9
272.48,5,main_extrusion_stroke,264.52,213.72,745.2
272.58,5,main_extrusion_stroke,263.3,208.84,747.6
272.68,5,main_extrusion_stroke,260.51,218.79,750.0
272.78,5,main_extrusion_stroke,258.67,212.5,752.4
272.88,5,main_extrusion_stroke,245.84,212.65,754.8
272.98,5,main_extrusion_stroke,260.09,216.93,757.1
273.08,5,main_extrusion_stroke,249.28,214.2,759.5
273.18,5,main_extrusion_stroke,249.5,208.51,761.9
273.28,5,main_extrusion_stroke,238.96,209.01,764.3
273.38,5,main_extrusion_stroke,239.89,212.7,766.7
273.48,5,main_extrusion_stroke,236.39,208.48,769.0
273.58,5,main_extrusion_stroke,242.26,202.95,771.4
273.68,5,main_extrusion_stroke,231.34,209.87,773.8
273.78,5,main_extrusion_stroke,234.02,204.57,776.2
273.88,5,main_extrusion_stroke,225.68,215.1,778.6
273.98,5,main_extrusion_stroke,223.78,209.76,781.0
274.08,5,main_extrusion_stroke,221.91,205.66,783.3
274.18,5,main_extrusion_stroke,225.33,206.08,785.7
274.28,5,main_extrusion_stroke,209.93,201.61,788.1
274.38,5,main_extrusion_stroke,209.53,204.07,790.5
274.48,5,main_extrusion_stroke,204.31,211.17,792.9
274.58,5,main_extrusion_stroke,205.05,215.12,795.2
274.68,5,main_extrusion_stroke,203.45,209.55,797.6
274.79,5,main_extrusion_stroke,197.54,206.38,800.0
274.89,5,inter_billet_dwell,0.0,18.09,800.0
274.99,5,inter_billet_dwell,0.0,24.12,800.0
275.09,5,inter_billet_dwell,0.0,19.62,800.0
275.19,5,inter_billet_dwell,0.0,24.23,800.0
275.29,5,inter_billet_dwell,0.0,22.79,800.0
275.39,5,inter_billet_dwell,0.0,16.52,800.0
275.49,5,inter_billet_dwell,0.0,18.67,800.0
275.59,5,inter_billet_dwell,0.0,18.66,800.0
275.69,5,inter_billet_dwell,0.0,19.84,800.0
275.8,5,inter_billet_dwell,0.0,19.88,800.0
275.9,5,inter_billet_dwell,0.0,25.99,800.0
276.0,5,inter_billet_dwell,0.0,17.85,800.0
276.1,5,inter_billet_dwell,0.0,20.46,800.0
276.2,5,inter_billet_dwell,0.0,21.23,800.0
276.3,5,inter_billet_dwell,0.0,20.0,800.0
276.4,5,inter_billet_dwell,0.0,20.22,800.0
276.5,5,inter_billet_dwell,0.0,17.91,800.0
276.6,5,inter_billet_dwell,0.0,20.21,800.0
276.71,5,inter_billet_dwell,0.0,21.02,800.0
276.81,5,inter_billet_dwell,0.0,20.66,800.0
276.91,5,inter_billet_dwell,0.0,21.14,800.0
277.01,5,inter_billet_dwell,0.0,22.83,800.0
277.11,5,inter_billet_dwell,0.0,21.87,800.0
277.21,5,inter_billet_dwell,0.0,20.14,800.0
277.31,5,inter_billet_dwell,0.0,17.66,800.0
277.41,5,inter_billet_dwell,0.0,18.8,800.0
277.52,5,inter_billet_dwell,0.0,19.56,800.0
277.62,5,inter_billet_dwell,0.0,20.5,800.0
277.72,5,inter_billet_dwell,0.0,19.04,800.0
277.82,5,inter_billet_dwell,0.0,18.13,800.0
277.92,5,inter_billet_dwell,0.0,17.62,800.0
278.02,5,inter_billet_dwell,0.0,16.7,800.0
278.12,5,inter_billet_dwell,0.0,19.53,800.0
278.22,5,inter_billet_dwell,0.0,17.06,800.0
278.32,5,inter_billet_dwell,0.0,18.0,800.0
278.43,5,inter_billet_dwell,0.0,19.21,800.0
278.53,5,inter_billet_dwell,0.0,17.33,800.0
278.63,5,inter_billet_dwell,0.0,20.76,800.0
278.73,5,inter_billet_dwell,0.0,21.48,800.0
278.83,5,inter_billet_dwell,0.0,18.9,800.0
278.93,5,inter_billet_dwell,0.0,19.13,800.0
279.03,5,inter_billet_dwell,0.0,21.07,800.0
279.13,5,inter_billet_dwell,0.0,18.57,800.0
279.24,5,inter_billet_dwell,0.0,18.43,800.0
279.34,5,inter_billet_dwell,0.0,22.39,800.0
279.44,5,inter_billet_dwell,0.0,21.77,800.0
279.54,5,inter_billet_dwell,0.0,21.2,800.0
279.64,5,inter_billet_dwell,0.0,21.85,800.0
279.74,5,inter_billet_dwell,0.0,16.05,800.0
279.84,5,inter_billet_dwell,0.0,22.71,800.0
279.94,5,inter_billet_dwell,0.0,20.78,800.0
280.04,5,inter_billet_dwell,0.0,22.02,800.0
280.15,5,inter_billet_dwell,0.0,20.77,800.0
280.25,5,inter_billet_dwell,0.0,20.1,800.0
280.35,5,inter_billet_dwell,0.0,19.45,800.0
280.45,5,inter_billet_dwell,0.0,20.73,800.0
280.55,5,inter_billet_dwell,0.0,19.38,800.0
280.65,5,inter_billet_dwell,0.0,21.74,800.0
280.75,5,inter_billet_dwell,0.0,16.83,800.0
280.85,5,inter_billet_dwell,0.0,18.92,800.0
280.96,5,inter_billet_dwell,0.0,24.09,800.0
281.06,5,inter_billet_dwell,0.0,18.75,800.0
281.16,5,inter_billet_dwell,0.0,19.52,800.0
281.26,5,inter_billet_dwell,0.0,18.23,800.0
281.36,5,inter_billet_dwell,0.0,20.67,800.0
281.46,5,inter_billet_dwell,0.0,18.53,800.0
281.56,5,inter_billet_dwell,0.0,19.63,800.0
281.66,5,inter_billet_dwell,0.0,21.7,800.0
281.76,5,inter_billet_dwell,0.0,18.6,800.0
281.87,5,inter_billet_dwell,0.0,21.58,800.0
281.97,5,inter_billet_dwell,0.0,21.64,800.0
282.07,5,inter_billet_dwell,0.0,22.11,800.0
282.17,5,inter_billet_dwell,0.0,20.28,800.0
